USE quiz_platform;

SET FOREIGN_KEY_CHECKS = 0;
DELETE FROM Scores        WHERE score_id > 0;
DELETE FROM Responses     WHERE response_id > 0;
DELETE FROM Participants  WHERE participant_id > 0;
DELETE FROM Rooms         WHERE room_id > 0;
DELETE FROM StaticAttempts WHERE attempt_id > 0;
DELETE FROM QuizQuestions WHERE id > 0;
DELETE FROM Quizzes       WHERE quiz_id > 0;
DELETE FROM Options       WHERE option_id > 0;
DELETE FROM QuestionBank  WHERE question_id > 0;
DELETE FROM Admins        WHERE admin_id > 0;

ALTER TABLE Admins         AUTO_INCREMENT = 1;
ALTER TABLE QuestionBank   AUTO_INCREMENT = 1;
ALTER TABLE Options        AUTO_INCREMENT = 1;
ALTER TABLE Quizzes        AUTO_INCREMENT = 1;
ALTER TABLE QuizQuestions  AUTO_INCREMENT = 1;
ALTER TABLE StaticAttempts AUTO_INCREMENT = 1;
ALTER TABLE Rooms          AUTO_INCREMENT = 1;
ALTER TABLE Participants   AUTO_INCREMENT = 1;
ALTER TABLE Responses      AUTO_INCREMENT = 1;
ALTER TABLE Scores         AUTO_INCREMENT = 1;
SET FOREIGN_KEY_CHECKS = 1;

-- ------------------------------------------------------------
-- SYSTEM ADMIN (admin_id=1, owns all seed questions)
-- ------------------------------------------------------------
INSERT INTO Admins (admin_id, name, email, password_hash) VALUES
(1, 'System', 'admin@quizapp.com', '$2b$10$placeholder_not_for_login');

-- ------------------------------------------------------------
-- QUESTION BANK (explicit question_id to match Options FK)
-- ------------------------------------------------------------
INSERT INTO QuestionBank (question_id, admin_id, question_text, genre, difficulty, base_points) VALUES
(1, 1, 'What is the chemical symbol for Gold?', 'Science', 'easy', 500),
(2, 1, 'How many bones are in the adult human body?', 'Science', 'easy', 500),
(3, 1, 'What planet is known as the Red Planet?', 'Science', 'easy', 500),
(4, 1, 'What is the powerhouse of the cell?', 'Science', 'easy', 500),
(5, 1, 'What gas do plants absorb during photosynthesis?', 'Science', 'easy', 500),
(6, 1, 'What force keeps planets in orbit around the Sun?', 'Science', 'easy', 500),
(7, 1, 'How many planets are in our solar system?', 'Science', 'easy', 500),
(8, 1, 'What is the boiling point of water in Celsius?', 'Science', 'easy', 500),
(9, 1, 'What is the largest organ in the human body?', 'Science', 'easy', 500),
(10, 1, 'What is the chemical symbol for water?', 'Science', 'easy', 500),
(11, 1, 'What is the speed of light in vacuum (approx)?', 'Science', 'medium', 750),
(12, 1, 'What is the atomic number of Carbon?', 'Science', 'medium', 750),
(13, 1, 'Which scientist proposed the theory of general relativity?', 'Science', 'medium', 750),
(14, 1, 'What is the chemical formula for table salt?', 'Science', 'medium', 750),
(15, 1, 'Which organelle is responsible for protein synthesis?', 'Science', 'medium', 750),
(16, 1, 'What type of bond is formed when electrons are shared?', 'Science', 'medium', 750),
(17, 1, 'What is Newtons second law of motion?', 'Science', 'medium', 750),
(18, 1, 'What is the most abundant gas in Earths atmosphere?', 'Science', 'medium', 750),
(19, 1, 'What is the half-life of Carbon-14 (approx years)?', 'Science', 'hard', 1000),
(20, 1, 'What is the value of Avogadros number?', 'Science', 'hard', 1000),
(21, 1, 'In which year did World War II end?', 'History', 'easy', 500),
(22, 1, 'Who was the first President of the United States?', 'History', 'easy', 500),
(23, 1, 'In which year did India gain independence?', 'History', 'easy', 500),
(24, 1, 'What was the first artificial satellite sent to space?', 'History', 'easy', 500),
(25, 1, 'Which country did Napoleon Bonaparte come from?', 'History', 'easy', 500),
(26, 1, 'The Berlin Wall fell in which year?', 'History', 'easy', 500),
(27, 1, 'Who was the first man to walk on the Moon?', 'History', 'easy', 500),
(28, 1, 'In which country did the French Revolution begin?', 'History', 'easy', 500),
(29, 1, 'In which year did the Titanic sink?', 'History', 'easy', 500),
(30, 1, 'Who was the first female Prime Minister of the UK?', 'History', 'easy', 500),
(31, 1, 'Which ancient wonder was located in Alexandria?', 'History', 'medium', 750),
(32, 1, 'Who wrote the Declaration of Independence?', 'History', 'medium', 750),
(33, 1, 'In which year was the Magna Carta signed?', 'History', 'medium', 750),
(34, 1, 'Which empire was ruled by Genghis Khan?', 'History', 'medium', 750),
(35, 1, 'What was the name of the first nuclear bomb dropped in WWII?', 'History', 'medium', 750),
(36, 1, 'Who led the Cuban Revolution?', 'History', 'medium', 750),
(37, 1, 'In which city was the UN headquarters established in 1945?', 'History', 'medium', 750),
(38, 1, 'Which war was fought between the North and South of the USA?', 'History', 'medium', 750),
(39, 1, 'Who was the last Tsar of Russia?', 'History', 'hard', 1000),
(40, 1, 'What treaty ended World War I?', 'History', 'hard', 1000),
(41, 1, 'What does CPU stand for?', 'Tech', 'easy', 500),
(42, 1, 'What does HTML stand for?', 'Tech', 'easy', 500),
(43, 1, 'Which company created the Java programming language?', 'Tech', 'easy', 500),
(44, 1, 'What does RAM stand for?', 'Tech', 'easy', 500),
(45, 1, 'Which programming language is known as the language of the web?', 'Tech', 'easy', 500),
(46, 1, 'What does URL stand for?', 'Tech', 'easy', 500),
(47, 1, 'Who co-founded Apple with Steve Jobs?', 'Tech', 'easy', 500),
(48, 1, 'What does GPU stand for?', 'Tech', 'easy', 500),
(49, 1, 'What does DNS stand for?', 'Tech', 'easy', 500),
(50, 1, 'Which company developed the Android operating system?', 'Tech', 'easy', 500),
(51, 1, 'What is the binary representation of the decimal number 10?', 'Tech', 'medium', 750),
(52, 1, 'What does SQL stand for?', 'Tech', 'medium', 750),
(53, 1, 'Which data structure uses LIFO order?', 'Tech', 'medium', 750),
(54, 1, 'What is the time complexity of binary search?', 'Tech', 'medium', 750),
(55, 1, 'What does API stand for?', 'Tech', 'medium', 750),
(56, 1, 'Which protocol is used to send emails?', 'Tech', 'medium', 750),
(57, 1, 'What is a deadlock in operating systems?', 'Tech', 'medium', 750),
(58, 1, 'What does REST stand for in web development?', 'Tech', 'medium', 750),
(59, 1, 'What is the difference between TCP and UDP?', 'Tech', 'hard', 1000),
(60, 1, 'What is the CAP theorem in distributed systems?', 'Tech', 'hard', 1000),
(61, 1, 'How many continents are there on Earth?', 'Mixed', 'easy', 500),
(62, 1, 'What is the capital of Japan?', 'Mixed', 'easy', 500),
(63, 1, 'How many sides does a hexagon have?', 'Mixed', 'easy', 500),
(64, 1, 'What is the largest ocean on Earth?', 'Mixed', 'easy', 500),
(65, 1, 'Who painted the Mona Lisa?', 'Mixed', 'easy', 500),
(66, 1, 'What is the fastest land animal?', 'Mixed', 'easy', 500),
(67, 1, 'How many strings does a standard guitar have?', 'Mixed', 'easy', 500),
(68, 1, 'What is the square root of 144?', 'Mixed', 'easy', 500),
(69, 1, 'Which planet is closest to the Sun?', 'Mixed', 'easy', 500),
(70, 1, 'What language has the most native speakers in the world?', 'Mixed', 'easy', 500),
(71, 1, 'What is the currency of Japan?', 'Mixed', 'medium', 750),
(72, 1, 'In which sport would you perform a slam dunk?', 'Mixed', 'medium', 750),
(73, 1, 'What is the longest river in the world?', 'Mixed', 'medium', 750),
(74, 1, 'Who wrote the play Romeo and Juliet?', 'Mixed', 'medium', 750),
(75, 1, 'What is the chemical symbol for Iron?', 'Mixed', 'medium', 750),
(76, 1, 'How many players are on a standard soccer team?', 'Mixed', 'medium', 750),
(77, 1, 'What is the smallest country in the world by area?', 'Mixed', 'medium', 750),
(78, 1, 'Which element has the highest melting point?', 'Mixed', 'medium', 750),
(79, 1, 'What is the Golden Ratio (approx)?', 'Mixed', 'hard', 1000),
(80, 1, 'Which mathematician proved Fermats Last Theorem in 1995?', 'Mixed', 'hard', 1000);

-- ------------------------------------------------------------
-- OPTIONS (correct answer at random position A/B/C/D)
-- ------------------------------------------------------------
INSERT INTO Options (question_id, option_number, option_text, is_correct) VALUES
(1, 1, 'Gd', 0),
(1, 2, 'Go', 0),
(1, 3, 'Ag', 0),
(1, 4, 'Au', 1),
(2, 1, '212', 0),
(2, 2, '196', 0),
(2, 3, '206', 1),
(2, 4, '208', 0),
(3, 1, 'Venus', 0),
(3, 2, 'Saturn', 0),
(3, 3, 'Jupiter', 0),
(3, 4, 'Mars', 1),
(4, 1, 'Nucleus', 0),
(4, 2, 'Ribosome', 0),
(4, 3, 'Mitochondria', 1),
(4, 4, 'Lysosome', 0),
(5, 1, 'Oxygen', 0),
(5, 2, 'Nitrogen', 0),
(5, 3, 'Hydrogen', 0),
(5, 4, 'Carbon dioxide', 1),
(6, 1, 'Magnetism', 0),
(6, 2, 'Electrostatic force', 0),
(6, 3, 'Friction', 0),
(6, 4, 'Gravity', 1),
(7, 1, '9', 0),
(7, 2, '7', 0),
(7, 3, '8', 1),
(7, 4, '10', 0),
(8, 1, '90 degrees C', 0),
(8, 2, '212 degrees C', 0),
(8, 3, '100 degrees C', 1),
(8, 4, '110 degrees C', 0),
(9, 1, 'Skin', 1),
(9, 2, 'Brain', 0),
(9, 3, 'Liver', 0),
(9, 4, 'Intestine', 0),
(10, 1, 'H2O2', 0),
(10, 2, 'OH2', 0),
(10, 3, 'H2O', 1),
(10, 4, 'HO', 0),
(11, 1, '3 x 10^10 m/s', 0),
(11, 2, '3 x 10^6 m/s', 0),
(11, 3, '3 x 10^5 m/s', 0),
(11, 4, '3 x 10^8 m/s', 1),
(12, 1, '14', 0),
(12, 2, '8', 0),
(12, 3, '12', 0),
(12, 4, '6', 1),
(13, 1, 'Max Planck', 0),
(13, 2, 'Isaac Newton', 0),
(13, 3, 'Albert Einstein', 1),
(13, 4, 'Niels Bohr', 0),
(14, 1, 'NaOH', 0),
(14, 2, 'CaCl2', 0),
(14, 3, 'KCl', 0),
(14, 4, 'NaCl', 1),
(15, 1, 'Ribosome', 1),
(15, 2, 'Mitochondria', 0),
(15, 3, 'Vacuole', 0),
(15, 4, 'Golgi apparatus', 0),
(16, 1, 'Metallic bond', 0),
(16, 2, 'Covalent bond', 1),
(16, 3, 'Hydrogen bond', 0),
(16, 4, 'Ionic bond', 0),
(17, 1, 'F = mv', 0),
(17, 2, 'F = pa', 0),
(17, 3, 'F = mg', 0),
(17, 4, 'F = ma', 1),
(18, 1, 'Oxygen 78 percent', 0),
(18, 2, 'Argon', 0),
(18, 3, 'Nitrogen 78 percent', 1),
(18, 4, 'Carbon dioxide', 0),
(19, 1, '50000 years', 0),
(19, 2, '10000 years', 0),
(19, 3, '1000 years', 0),
(19, 4, '5730 years', 1),
(20, 1, '6.022 x 10^23', 1),
(20, 2, '6.022 x 10^22', 0),
(20, 3, '6.022 x 10^24', 0),
(20, 4, '3.011 x 10^23', 0),
(21, 1, '1945', 1),
(21, 2, '1946', 0),
(21, 3, '1943', 0),
(21, 4, '1944', 0),
(22, 1, 'George Washington', 1),
(22, 2, 'John Adams', 0),
(22, 3, 'Thomas Jefferson', 0),
(22, 4, 'Abraham Lincoln', 0),
(23, 1, '1945', 0),
(23, 2, '1942', 0),
(23, 3, '1950', 0),
(23, 4, '1947', 1),
(24, 1, 'Explorer 1', 0),
(24, 2, 'Vostok 1', 0),
(24, 3, 'Sputnik 1', 1),
(24, 4, 'Apollo 1', 0),
(25, 1, 'Corsica', 0),
(25, 2, 'France', 1),
(25, 3, 'Italy', 0),
(25, 4, 'Russia', 0),
(26, 1, '1991', 0),
(26, 2, '1985', 0),
(26, 3, '1989', 1),
(26, 4, '1987', 0),
(27, 1, 'John Glenn', 0),
(27, 2, 'Yuri Gagarin', 0),
(27, 3, 'Buzz Aldrin', 0),
(27, 4, 'Neil Armstrong', 1),
(28, 1, 'England', 0),
(28, 2, 'Spain', 0),
(28, 3, 'France', 1),
(28, 4, 'Germany', 0),
(29, 1, '1908', 0),
(29, 2, '1910', 0),
(29, 3, '1912', 1),
(29, 4, '1914', 0),
(30, 1, 'Margaret Thatcher', 1),
(30, 2, 'Theresa May', 0),
(30, 3, 'Indira Gandhi', 0),
(30, 4, 'Angela Merkel', 0),
(31, 1, 'Hanging Gardens', 0),
(31, 2, 'Lighthouse of Alexandria', 1),
(31, 3, 'Statue of Zeus', 0),
(31, 4, 'Colossus of Rhodes', 0),
(32, 1, 'Thomas Jefferson', 1),
(32, 2, 'George Washington', 0),
(32, 3, 'John Adams', 0),
(32, 4, 'Benjamin Franklin', 0),
(33, 1, '1215', 1),
(33, 2, '1066', 0),
(33, 3, '1415', 0),
(33, 4, '1189', 0),
(34, 1, 'Ottoman Empire', 0),
(34, 2, 'Persian Empire', 0),
(34, 3, 'Mongol Empire', 1),
(34, 4, 'Roman Empire', 0),
(35, 1, 'Fat Man', 0),
(35, 2, 'Trinity', 0),
(35, 3, 'Little Boy', 1),
(35, 4, 'Big Bang', 0),
(36, 1, 'Che Guevara', 0),
(36, 2, 'Simon Bolivar', 0),
(36, 3, 'Hugo Chavez', 0),
(36, 4, 'Fidel Castro', 1),
(37, 1, 'Geneva', 0),
(37, 2, 'New York City', 1),
(37, 3, 'London', 0),
(37, 4, 'Washington DC', 0),
(38, 1, 'American Civil War', 1),
(38, 2, 'Mexican-American War', 0),
(38, 3, 'War of Independence', 0),
(38, 4, 'Korean War', 0),
(39, 1, 'Alexander III', 0),
(39, 2, 'Nicholas II', 1),
(39, 3, 'Ivan the Terrible', 0),
(39, 4, 'Peter the Great', 0),
(40, 1, 'Treaty of Utrecht', 0),
(40, 2, 'Treaty of Paris', 0),
(40, 3, 'Treaty of Westphalia', 0),
(40, 4, 'Treaty of Versailles', 1),
(41, 1, 'Computer Processing Unit', 0),
(41, 2, 'Core Processing Unit', 0),
(41, 3, 'Central Processing Unit', 1),
(41, 4, 'Central Program Unit', 0),
(42, 1, 'HighText Markup Language', 0),
(42, 2, 'HyperText Machine Language', 0),
(42, 3, 'HyperText Markup Language', 1),
(42, 4, 'HyperTransfer Markup Language', 0),
(43, 1, 'Oracle', 0),
(43, 2, 'Microsoft', 0),
(43, 3, 'IBM', 0),
(43, 4, 'Sun Microsystems', 1),
(44, 1, 'Random Application Memory', 0),
(44, 2, 'Random Access Memory', 1),
(44, 3, 'Rapid Access Memory', 0),
(44, 4, 'Read Access Memory', 0),
(45, 1, 'Python', 0),
(45, 2, 'JavaScript', 1),
(45, 3, 'Ruby', 0),
(45, 4, 'PHP', 0),
(46, 1, 'Unique Resource Locator', 0),
(46, 2, 'Uniform Resource Locator', 1),
(46, 3, 'Uniform Reference Link', 0),
(46, 4, 'Universal Resource Link', 0),
(47, 1, 'Larry Page', 0),
(47, 2, 'Bill Gates', 0),
(47, 3, 'Elon Musk', 0),
(47, 4, 'Steve Wozniak', 1),
(48, 1, 'General Processing Unit', 0),
(48, 2, 'Graphical Program Utility', 0),
(48, 3, 'Graphics Processing Unit', 1),
(48, 4, 'Graphics Program Unit', 0),
(49, 1, 'Data Name System', 0),
(49, 2, 'Domain Name System', 1),
(49, 3, 'Dynamic Network Service', 0),
(49, 4, 'Domain Network Server', 0),
(50, 1, 'Apple', 0),
(50, 2, 'Samsung', 0),
(50, 3, 'Microsoft', 0),
(50, 4, 'Google', 1),
(51, 1, '0110', 0),
(51, 2, '1001', 0),
(51, 3, '1100', 0),
(51, 4, '1010', 1),
(52, 1, 'Simple Query Language', 0),
(52, 2, 'System Query Logic', 0),
(52, 3, 'Structured Question Language', 0),
(52, 4, 'Structured Query Language', 1),
(53, 1, 'Stack', 1),
(53, 2, 'Tree', 0),
(53, 3, 'Heap', 0),
(53, 4, 'Queue', 0),
(54, 1, 'O(log n)', 1),
(54, 2, 'O(n^2)', 0),
(54, 3, 'O(1)', 0),
(54, 4, 'O(n)', 0),
(55, 1, 'Automated Programming Interface', 0),
(55, 2, 'Application Programming Interface', 1),
(55, 3, 'Applied Program Interface', 0),
(55, 4, 'Application Process Integration', 0),
(56, 1, 'SMTP', 1),
(56, 2, 'IMAP', 0),
(56, 3, 'HTTP', 0),
(56, 4, 'FTP', 0),
(57, 1, 'Two processes waiting on each other indefinitely', 1),
(57, 2, 'A process using 100 percent CPU', 0),
(57, 3, 'Memory overflow error', 0),
(57, 4, 'A crashed thread', 0),
(58, 1, 'Remote Execution State Transfer', 0),
(58, 2, 'Resource State Transfer', 0),
(58, 3, 'Reliable State Transfer', 0),
(58, 4, 'Representational State Transfer', 1),
(59, 1, 'Both are connection-oriented', 0),
(59, 2, 'UDP guarantees packet delivery', 0),
(59, 3, 'TCP is faster; UDP is reliable', 0),
(59, 4, 'TCP is reliable and connection-oriented; UDP is faster and connectionless', 1),
(60, 1, 'Cache API Protocol', 0),
(60, 2, 'Consistency Availability Partition tolerance - only 2 of 3 guaranteed', 1),
(60, 3, 'CPU Access Persistence', 0),
(60, 4, 'Speed Scale and Security', 0),
(61, 1, '6', 0),
(61, 2, '8', 0),
(61, 3, '5', 0),
(61, 4, '7', 1),
(62, 1, 'Hiroshima', 0),
(62, 2, 'Kyoto', 0),
(62, 3, 'Tokyo', 1),
(62, 4, 'Osaka', 0),
(63, 1, '5', 0),
(63, 2, '8', 0),
(63, 3, '6', 1),
(63, 4, '7', 0),
(64, 1, 'Pacific Ocean', 1),
(64, 2, 'Atlantic Ocean', 0),
(64, 3, 'Arctic Ocean', 0),
(64, 4, 'Indian Ocean', 0),
(65, 1, 'Rembrandt', 0),
(65, 2, 'Leonardo da Vinci', 1),
(65, 3, 'Raphael', 0),
(65, 4, 'Michelangelo', 0),
(66, 1, 'Leopard', 0),
(66, 2, 'Lion', 0),
(66, 3, 'Cheetah', 1),
(66, 4, 'Greyhound', 0),
(67, 1, '4', 0),
(67, 2, '7', 0),
(67, 3, '6', 1),
(67, 4, '5', 0),
(68, 1, '13', 0),
(68, 2, '14', 0),
(68, 3, '11', 0),
(68, 4, '12', 1),
(69, 1, 'Mercury', 1),
(69, 2, 'Mars', 0),
(69, 3, 'Venus', 0),
(69, 4, 'Earth', 0),
(70, 1, 'English', 0),
(70, 2, 'Mandarin Chinese', 1),
(70, 3, 'Spanish', 0),
(70, 4, 'Hindi', 0),
(71, 1, 'Yuan', 0),
(71, 2, 'Won', 0),
(71, 3, 'Baht', 0),
(71, 4, 'Yen', 1),
(72, 1, 'Volleyball', 0),
(72, 2, 'Tennis', 0),
(72, 3, 'Basketball', 1),
(72, 4, 'Soccer', 0),
(73, 1, 'Yangtze', 0),
(73, 2, 'Mississippi', 0),
(73, 3, 'Nile', 1),
(73, 4, 'Amazon', 0),
(74, 1, 'Jane Austen', 0),
(74, 2, 'William Shakespeare', 1),
(74, 3, 'Christopher Marlowe', 0),
(74, 4, 'Charles Dickens', 0),
(75, 1, 'Fm', 0),
(75, 2, 'Fe', 1),
(75, 3, 'Ir', 0),
(75, 4, 'In', 0),
(76, 1, '9', 0),
(76, 2, '12', 0),
(76, 3, '10', 0),
(76, 4, '11', 1),
(77, 1, 'Monaco', 0),
(77, 2, 'Liechtenstein', 0),
(77, 3, 'San Marino', 0),
(77, 4, 'Vatican City', 1),
(78, 1, 'Carbon', 0),
(78, 2, 'Osmium', 0),
(78, 3, 'Titanium', 0),
(78, 4, 'Tungsten', 1),
(79, 1, '1.618', 1),
(79, 2, '2.718', 0),
(79, 3, '3.14', 0),
(79, 4, '1.414', 0),
(80, 1, 'John Nash', 0),
(80, 2, 'Andrew Wiles', 1),
(80, 3, 'Terence Tao', 0),
(80, 4, 'Grigori Perelman', 0);

-- ------------------------------------------------------------
-- PLACEMENT PREP QUESTION BANK
-- ------------------------------------------------------------
INSERT INTO QuestionBank (question_id, admin_id, question_text, genre, difficulty, base_points) VALUES
(81, 1, 'Which data structure follows FIFO order?', 'DSA Fundamentals', 'easy', 500),
(82, 1, 'Which data structure is best suited for recursive function call tracking?', 'DSA Fundamentals', 'easy', 500),
(83, 1, 'Which traversal of a BST returns values in sorted order?', 'DSA Fundamentals', 'easy', 500),
(84, 1, 'What is the average time complexity of binary search on a sorted array?', 'DSA Fundamentals', 'easy', 500),
(85, 1, 'Which data structure is typically used to implement breadth first search?', 'DSA Fundamentals', 'easy', 500),
(86, 1, 'Which notation describes the upper bound of an algorithm?', 'DSA Fundamentals', 'easy', 500),
(87, 1, 'How many children can a binary tree node have at most?', 'DSA Fundamentals', 'easy', 500),
(88, 1, 'Which sorting algorithm repeatedly swaps adjacent out of order elements?', 'DSA Fundamentals', 'easy', 500),
(89, 1, 'What is the time complexity to access an element by index in an array?', 'DSA Fundamentals', 'easy', 500),
(90, 1, 'Which graph traversal usually uses a stack or recursion?', 'DSA Fundamentals', 'easy', 500),
(91, 1, 'What is the worst case time complexity of linear search?', 'DSA Fundamentals', 'medium', 750),
(92, 1, 'Which data structure gives O(1) average lookup by key?', 'DSA Fundamentals', 'medium', 750),
(93, 1, 'What is the height of a perfectly balanced binary tree with n nodes approximately?', 'DSA Fundamentals', 'medium', 750),
(94, 1, 'Which sorting algorithm divides the array around a pivot?', 'DSA Fundamentals', 'medium', 750),
(95, 1, 'What is the worst case time complexity of merge sort?', 'DSA Fundamentals', 'medium', 750),
(96, 1, 'Which algorithm is commonly used to find the shortest path in a graph with non negative weights?', 'DSA Fundamentals', 'medium', 750),
(97, 1, 'What is the time complexity of inserting at the head of a singly linked list?', 'DSA Fundamentals', 'medium', 750),
(98, 1, 'Which technique stores answers to overlapping subproblems?', 'DSA Fundamentals', 'medium', 750),
(99, 1, 'Which tree keeps keys sorted and balanced using rotations and color rules?', 'DSA Fundamentals', 'medium', 750),
(100, 1, 'What is the space complexity of breadth first search in the worst case?', 'DSA Fundamentals', 'medium', 750),
(101, 1, 'Which sorting algorithm is stable and uses divide and conquer with extra arrays?', 'DSA Fundamentals', 'hard', 1000),
(102, 1, 'What is the amortized time complexity of push on a dynamic array?', 'DSA Fundamentals', 'hard', 1000),
(103, 1, 'Which data structure supports union and find operations efficiently?', 'DSA Fundamentals', 'hard', 1000),
(104, 1, 'What is the worst case time complexity of quicksort?', 'DSA Fundamentals', 'hard', 1000),
(105, 1, 'Which graph algorithm detects cycles in a directed graph using indegrees?', 'DSA Fundamentals', 'hard', 1000),
(106, 1, 'Which traversal order is used to evaluate an expression tree from leaves upward?', 'DSA Fundamentals', 'hard', 1000),
(107, 1, 'What does the load factor in a hash table measure?', 'DSA Fundamentals', 'hard', 1000),
(108, 1, 'Which dynamic programming strategy builds solutions from smaller states iteratively?', 'DSA Fundamentals', 'hard', 1000),
(109, 1, 'Which self balancing BST guarantees O(log n) search by maintaining AVL balance rules?', 'DSA Fundamentals', 'hard', 1000),
(110, 1, 'What is the main purpose of topological sorting?', 'DSA Fundamentals', 'hard', 1000),
(111, 1, 'Which component is called the brain of the computer in OS context?', 'Operating Systems', 'easy', 500),
(112, 1, 'What is a process?', 'Operating Systems', 'easy', 500),
(113, 1, 'Which memory stores currently running programs and data?', 'Operating Systems', 'easy', 500),
(114, 1, 'What is the term for switching the CPU from one process to another?', 'Operating Systems', 'easy', 500),
(115, 1, 'Which scheduling algorithm serves processes in arrival order?', 'Operating Systems', 'easy', 500),
(116, 1, 'What does OS stand for?', 'Operating Systems', 'easy', 500),
(117, 1, 'What is a thread?', 'Operating Systems', 'easy', 500),
(118, 1, 'Which storage is non volatile?', 'Operating Systems', 'easy', 500),
(119, 1, 'Which system call creates a new process on Unix like systems?', 'Operating Systems', 'easy', 500),
(120, 1, 'What is deadlock?', 'Operating Systems', 'easy', 500),
(121, 1, 'What is the main goal of CPU scheduling?', 'Operating Systems', 'medium', 750),
(122, 1, 'Which scheduling algorithm can starve long jobs if short jobs keep arriving?', 'Operating Systems', 'medium', 750),
(123, 1, 'What is paging?', 'Operating Systems', 'medium', 750),
(124, 1, 'What does a page fault mean?', 'Operating Systems', 'medium', 750),
(125, 1, 'Which data structure is used by round robin scheduling to keep ready processes?', 'Operating Systems', 'medium', 750),
(126, 1, 'What is virtual memory?', 'Operating Systems', 'medium', 750),
(127, 1, 'Which synchronization primitive allows only one thread into a critical section at a time?', 'Operating Systems', 'medium', 750),
(128, 1, 'What is context switch overhead?', 'Operating Systems', 'medium', 750),
(129, 1, 'Which page replacement algorithm removes the oldest loaded page?', 'Operating Systems', 'medium', 750),
(130, 1, 'What is the role of the file allocation table or inode metadata?', 'Operating Systems', 'medium', 750),
(131, 1, 'Which condition is not required for deadlock?', 'Operating Systems', 'hard', 1000),
(132, 1, 'Which page replacement algorithm is optimal in theory but needs future knowledge?', 'Operating Systems', 'hard', 1000),
(133, 1, 'What is thrashing?', 'Operating Systems', 'hard', 1000),
(134, 1, 'Which technique avoids deadlock by checking for a safe state before allocation?', 'Operating Systems', 'hard', 1000),
(135, 1, 'What is the difference between a process and a thread in memory terms?', 'Operating Systems', 'hard', 1000),
(136, 1, 'Which file system concept maps a file name to metadata and data block references?', 'Operating Systems', 'hard', 1000),
(137, 1, 'What does copy on write help optimize after fork?', 'Operating Systems', 'hard', 1000),
(138, 1, 'Which CPU scheduling metric measures the total time from arrival to completion?', 'Operating Systems', 'hard', 1000),
(139, 1, 'What is internal fragmentation?', 'Operating Systems', 'hard', 1000),
(140, 1, 'Which synchronization issue happens when a low priority lock holder blocks a high priority task?', 'Operating Systems', 'hard', 1000),
(141, 1, 'What does SQL stand for?', 'DBMS + SQL', 'easy', 500),
(142, 1, 'Which SQL clause filters rows after a SELECT?', 'DBMS + SQL', 'easy', 500),
(143, 1, 'What is a primary key?', 'DBMS + SQL', 'easy', 500),
(144, 1, 'Which normal form removes repeating groups and requires atomic columns?', 'DBMS + SQL', 'easy', 500),
(145, 1, 'Which SQL statement adds a new row to a table?', 'DBMS + SQL', 'easy', 500),
(146, 1, 'Which join returns matching rows from both tables only?', 'DBMS + SQL', 'easy', 500),
(147, 1, 'What does ACID stand for in databases refer to overall?', 'DBMS + SQL', 'easy', 500),
(148, 1, 'Which command permanently saves a transaction?', 'DBMS + SQL', 'easy', 500),
(149, 1, 'What is an index used for?', 'DBMS + SQL', 'easy', 500),
(150, 1, 'Which SQL aggregate returns the number of rows?', 'DBMS + SQL', 'easy', 500),
(151, 1, 'Which normal form removes partial dependency on a composite key?', 'DBMS + SQL', 'medium', 750),
(152, 1, 'What does a foreign key enforce?', 'DBMS + SQL', 'medium', 750),
(153, 1, 'Which clause groups rows for aggregate calculations?', 'DBMS + SQL', 'medium', 750),
(154, 1, 'What is the result of a LEFT JOIN when no right side match exists?', 'DBMS + SQL', 'medium', 750),
(155, 1, 'What is a transaction?', 'DBMS + SQL', 'medium', 750),
(156, 1, 'Which isolation issue happens when one transaction reads uncommitted data from another?', 'DBMS + SQL', 'medium', 750),
(157, 1, 'What is normalization mainly intended to reduce?', 'DBMS + SQL', 'medium', 750),
(158, 1, 'Which SQL clause filters groups after aggregation?', 'DBMS + SQL', 'medium', 750),
(159, 1, 'What type of index is usually best for range queries on ordered values?', 'DBMS + SQL', 'medium', 750),
(160, 1, 'Which join can produce row combinations for every row pair?', 'DBMS + SQL', 'medium', 750),
(161, 1, 'What does durability in ACID guarantee?', 'DBMS + SQL', 'hard', 1000),
(162, 1, 'Which normalization issue is addressed by BCNF beyond 3NF?', 'DBMS + SQL', 'hard', 1000),
(163, 1, 'What is a deadlock in a DBMS?', 'DBMS + SQL', 'hard', 1000),
(164, 1, 'Which SQL feature assigns a rank over an ordered partition of rows?', 'DBMS + SQL', 'hard', 1000),
(165, 1, 'What is the purpose of a composite index?', 'DBMS + SQL', 'hard', 1000),
(166, 1, 'Which isolation level typically prevents dirty reads but still allows non repeatable reads?', 'DBMS + SQL', 'hard', 1000),
(167, 1, 'What is denormalization?', 'DBMS + SQL', 'hard', 1000),
(168, 1, 'What does a clustered index determine in many storage engines?', 'DBMS + SQL', 'hard', 1000),
(169, 1, 'Which SQL construct lets a query be defined and reused inside another query block?', 'DBMS + SQL', 'hard', 1000),
(170, 1, 'What is the main tradeoff of adding many indexes?', 'DBMS + SQL', 'hard', 1000),
(171, 1, 'Which keyword creates a function anonymously in Python syntax?', 'Python Essentials', 'easy', 500),
(172, 1, 'Which data type is immutable in Python?', 'Python Essentials', 'easy', 500),
(173, 1, 'What is the output?\n```python\nprint(len("quiz"))\n```', 'Python Essentials', 'easy', 500),
(174, 1, 'Which symbol starts a comment in Python?', 'Python Essentials', 'easy', 500),
(175, 1, 'Which structure stores key value pairs?', 'Python Essentials', 'easy', 500),
(176, 1, 'What is a list comprehension mainly used for?', 'Python Essentials', 'easy', 500),
(177, 1, 'Which statement handles exceptions?', 'Python Essentials', 'easy', 500),
(178, 1, 'What does def define?', 'Python Essentials', 'easy', 500),
(179, 1, 'Which loop iterates directly over items of a sequence?', 'Python Essentials', 'easy', 500),
(180, 1, 'What does isinstance check?', 'Python Essentials', 'easy', 500),
(181, 1, 'What is the output type of range in modern Python?', 'Python Essentials', 'medium', 750),
(182, 1, 'What is a generator?', 'Python Essentials', 'medium', 750),
(183, 1, 'What is the purpose of self in instance methods?', 'Python Essentials', 'medium', 750),
(184, 1, 'Which protocol lets an object work in a with statement?', 'Python Essentials', 'medium', 750),
(185, 1, 'What does enumerate provide when looping?', 'Python Essentials', 'medium', 750),
(186, 1, 'What is the difference between == and is?', 'Python Essentials', 'medium', 750),
(187, 1, 'What does a decorator do?', 'Python Essentials', 'medium', 750),
(188, 1, 'What is mutable default argument behavior often considered?', 'Python Essentials', 'medium', 750),
(189, 1, 'What is duck typing?', 'Python Essentials', 'medium', 750),
(190, 1, 'Which built in copies references into key value pairs for dictionaries from two iterables?', 'Python Essentials', 'medium', 750),
(191, 1, 'What does the GIL in CPython primarily protect?', 'Python Essentials', 'hard', 1000),
(192, 1, 'What is the main benefit of using yield instead of return in a large sequence producer?', 'Python Essentials', 'hard', 1000),
(193, 1, 'What does __init__ do?', 'Python Essentials', 'hard', 1000),
(194, 1, 'What is method resolution order used for?', 'Python Essentials', 'hard', 1000),
(195, 1, 'What does a shallow copy duplicate?', 'Python Essentials', 'hard', 1000),
(196, 1, 'Which dunder method customizes printable informal string output?', 'Python Essentials', 'hard', 1000),
(197, 1, 'Why are sets typically faster than lists for membership checks?', 'Python Essentials', 'hard', 1000),
(198, 1, 'What is the purpose of __name__ == "__main__" ?', 'Python Essentials', 'hard', 1000),
(199, 1, 'What is a closure in Python?', 'Python Essentials', 'hard', 1000),
(200, 1, 'Which function from functools helps accumulate a single value from an iterable?', 'Python Essentials', 'hard', 1000),
(201, 1, 'Which keyword declares a block scoped variable in modern JavaScript?', 'JavaScript', 'easy', 500),
(202, 1, 'What does DOM stand for?', 'JavaScript', 'easy', 500),
(203, 1, 'Which method converts JSON text to an object?', 'JavaScript', 'easy', 500),
(204, 1, 'Which operator checks both value and type equality?', 'JavaScript', 'easy', 500),
(205, 1, 'What is the output?\n```javascript\nconsole.log([10, 20, 30][1]);\n```', 'JavaScript', 'easy', 500),
(206, 1, 'What is an array in JavaScript?', 'JavaScript', 'easy', 500),
(207, 1, 'Which keyword is used to define a class?', 'JavaScript', 'easy', 500),
(208, 1, 'What does NaN represent?', 'JavaScript', 'easy', 500),
(209, 1, 'Which syntax creates an arrow function?', 'JavaScript', 'easy', 500),
(210, 1, 'What does addEventListener do?', 'JavaScript', 'easy', 500),
(211, 1, 'What is a closure?', 'JavaScript', 'medium', 750),
(212, 1, 'What does the event loop coordinate?', 'JavaScript', 'medium', 750),
(213, 1, 'What is the main benefit of promises?', 'JavaScript', 'medium', 750),
(214, 1, 'What is hoisting?', 'JavaScript', 'medium', 750),
(215, 1, 'How is this determined in a regular method call obj.fn()?', 'JavaScript', 'medium', 750),
(216, 1, 'What does async before a function imply?', 'JavaScript', 'medium', 750),
(217, 1, 'What is a prototype in JavaScript?', 'JavaScript', 'medium', 750),
(218, 1, 'Which array method returns a new array after applying a callback to each element?', 'JavaScript', 'medium', 750),
(219, 1, 'What does destructuring allow?', 'JavaScript', 'medium', 750),
(220, 1, 'Which built in object can be used to wait on multiple promises?', 'JavaScript', 'medium', 750),
(221, 1, 'What is the difference between null and undefined in common usage?', 'JavaScript', 'hard', 1000),
(222, 1, 'What problem does debounce solve?', 'JavaScript', 'hard', 1000),
(223, 1, 'What is the purpose of call, apply, or bind?', 'JavaScript', 'hard', 1000),
(224, 1, 'What happens when await is used on a non promise value?', 'JavaScript', 'hard', 1000),
(225, 1, 'What is event bubbling?', 'JavaScript', 'hard', 1000),
(226, 1, 'Why can var inside a loop create unexpected closure behavior?', 'JavaScript', 'hard', 1000),
(227, 1, 'What is a pure function?', 'JavaScript', 'hard', 1000),
(228, 1, 'Which data structure preserves insertion order and allows keys of any type?', 'JavaScript', 'hard', 1000),
(229, 1, 'What is the purpose of optional chaining?', 'JavaScript', 'hard', 1000),
(230, 1, 'Which mechanism prevents callback hell by letting async work be composed and chained?', 'JavaScript', 'hard', 1000),
(231, 1, 'What is the output?\n```java\nSystem.out.println(10 / 4);\n```', 'Java', 'easy', 500),
(232, 1, 'Java source code is compiled into what?', 'Java', 'easy', 500),
(233, 1, 'Which keyword is used for inheritance in Java classes?', 'Java', 'easy', 500),
(234, 1, 'Which collection stores unique elements only?', 'Java', 'easy', 500),
(235, 1, 'What does JVM stand for?', 'Java', 'easy', 500),
(236, 1, 'Which access modifier makes a member visible only inside its class?', 'Java', 'easy', 500),
(237, 1, 'Which keyword prevents a method from being overridden?', 'Java', 'easy', 500),
(238, 1, 'Which exception is unchecked?', 'Java', 'easy', 500),
(239, 1, 'What is autoboxing?', 'Java', 'easy', 500),
(240, 1, 'Which interface enables lambda expressions with one abstract method targets?', 'Java', 'easy', 500),
(241, 1, 'What is the difference between ArrayList and LinkedList in access pattern terms?', 'Java', 'medium', 750),
(242, 1, 'What does the garbage collector reclaim?', 'Java', 'medium', 750),
(243, 1, 'Which keyword is used to synchronize access to a method or block?', 'Java', 'medium', 750),
(244, 1, 'What is method overloading?', 'Java', 'medium', 750),
(245, 1, 'What does the finally block do?', 'Java', 'medium', 750),
(246, 1, 'Which collection keeps elements in natural sorted order by default?', 'Java', 'medium', 750),
(247, 1, 'What is the purpose of the interface keyword?', 'Java', 'medium', 750),
(248, 1, 'What does volatile guarantee for a field?', 'Java', 'medium', 750),
(249, 1, 'What is the difference between throw and throws?', 'Java', 'medium', 750),
(250, 1, 'Which class is the root superclass of almost all Java classes?', 'Java', 'medium', 750),
(251, 1, 'What is the purpose of the JVM JIT compiler?', 'Java', 'hard', 1000),
(252, 1, 'What problem can happen when two threads wait forever on each other locks?', 'Java', 'hard', 1000),
(253, 1, 'Which memory area stores per object instance data?', 'Java', 'hard', 1000),
(254, 1, 'What is a checked exception?', 'Java', 'hard', 1000),
(255, 1, 'What does immutability help with in concurrent programs?', 'Java', 'hard', 1000),
(256, 1, 'What is type erasure in Java generics?', 'Java', 'hard', 1000),
(257, 1, 'Which utility creates a thread pool for reusable worker threads?', 'Java', 'hard', 1000),
(258, 1, 'What is the purpose of hashCode with equals?', 'Java', 'hard', 1000),
(259, 1, 'Why is String immutable in Java useful?', 'Java', 'hard', 1000),
(260, 1, 'What is the difference between wait and sleep?', 'Java', 'hard', 1000),
(261, 1, 'What does STL stand for in C++ interviews?', 'C++', 'easy', 500),
(262, 1, 'Which operator allocates memory dynamically for a single object in C++?', 'C++', 'easy', 500),
(263, 1, 'What is the output?\n```cpp\nstd::cout << 7 / 2;\n```', 'C++', 'easy', 500),
(264, 1, 'What is a constructor?', 'C++', 'easy', 500),
(265, 1, 'Which container stores elements contiguously and grows dynamically?', 'C++', 'easy', 500),
(266, 1, 'What is a reference in C++?', 'C++', 'easy', 500),
(267, 1, 'Which keyword allows a derived class to customize a base class virtual function?', 'C++', 'easy', 500),
(268, 1, 'What is the main purpose of delete?', 'C++', 'easy', 500),
(269, 1, 'Which header commonly provides std::vector?', 'C++', 'easy', 500),
(270, 1, 'What does nullptr represent?', 'C++', 'easy', 500),
(271, 1, 'What is RAII?', 'C++', 'medium', 750),
(272, 1, 'What is the difference between stack and heap allocation?', 'C++', 'medium', 750),
(273, 1, 'Why are virtual destructors important in polymorphic base classes?', 'C++', 'medium', 750),
(274, 1, 'What is function overloading?', 'C++', 'medium', 750),
(275, 1, 'Which smart pointer has exclusive ownership?', 'C++', 'medium', 750),
(276, 1, 'What does const after a member function signature mean?', 'C++', 'medium', 750),
(277, 1, 'What is the main purpose of templates?', 'C++', 'medium', 750),
(278, 1, 'What is the difference between std::map and std::unordered_map?', 'C++', 'medium', 750),
(279, 1, 'Which value category enables move semantics from temporary objects?', 'C++', 'medium', 750),
(280, 1, 'What is a copy constructor?', 'C++', 'medium', 750),
(281, 1, 'What issue does std::unique_ptr help prevent?', 'C++', 'hard', 1000),
(282, 1, 'What is object slicing?', 'C++', 'hard', 1000),
(283, 1, 'What does a vtable support?', 'C++', 'hard', 1000),
(284, 1, 'Which cast is safest for downcasting polymorphic types at runtime?', 'C++', 'hard', 1000),
(285, 1, 'What is the rule of five about?', 'C++', 'hard', 1000),
(286, 1, 'What is move semantics primarily used for?', 'C++', 'hard', 1000),
(287, 1, 'Why can deleting an array with delete instead of delete[] be dangerous?', 'C++', 'hard', 1000),
(288, 1, 'What is the purpose of std::move?', 'C++', 'hard', 1000),
(289, 1, 'What is a memory leak?', 'C++', 'hard', 1000),
(290, 1, 'What does emplace_back often improve over push_back?', 'C++', 'hard', 1000),
(291, 1, 'Which command shows the current branch and status in Git?', 'Git + Dev Tools', 'easy', 500),
(292, 1, 'Which Git command records staged changes into history?', 'Git + Dev Tools', 'easy', 500),
(293, 1, 'What does git clone do?', 'Git + Dev Tools', 'easy', 500),
(294, 1, 'Which file typically lists ignored paths in a Git repository?', 'Git + Dev Tools', 'easy', 500),
(295, 1, 'What does CI stand for?', 'Git + Dev Tools', 'easy', 500),
(296, 1, 'Which command downloads commits and updates the current branch in one step?', 'Git + Dev Tools', 'easy', 500),
(297, 1, 'What does git add do?', 'Git + Dev Tools', 'easy', 500),
(298, 1, 'What is a branch in Git?', 'Git + Dev Tools', 'easy', 500),
(299, 1, 'Which command shows commit history?', 'Git + Dev Tools', 'easy', 500),
(300, 1, 'What does CD stand for in deployment contexts?', 'Git + Dev Tools', 'easy', 500),
(301, 1, 'What is the difference between merge and rebase at a high level?', 'Git + Dev Tools', 'medium', 750),
(302, 1, 'What does git fetch do?', 'Git + Dev Tools', 'medium', 750),
(303, 1, 'Why is a pull request useful?', 'Git + Dev Tools', 'medium', 750),
(304, 1, 'What problem does continuous integration try to catch early?', 'Git + Dev Tools', 'medium', 750),
(305, 1, 'Which shell command prints the current working directory on Unix like systems?', 'Git + Dev Tools', 'medium', 750),
(306, 1, 'What does git stash do?', 'Git + Dev Tools', 'medium', 750),
(307, 1, 'What is the purpose of environment variables in tooling?', 'Git + Dev Tools', 'medium', 750),
(308, 1, 'Which command creates a new branch and switches to it in one step in modern Git?', 'Git + Dev Tools', 'medium', 750),
(309, 1, 'What is a build artifact?', 'Git + Dev Tools', 'medium', 750),
(310, 1, 'Why is reviewing diffs before merging important?', 'Git + Dev Tools', 'medium', 750),
(311, 1, 'What is a detached HEAD state?', 'Git + Dev Tools', 'hard', 1000),
(312, 1, 'Why is force pushing risky on a shared branch?', 'Git + Dev Tools', 'hard', 1000),
(313, 1, 'What is the purpose of a CI pipeline cache?', 'Git + Dev Tools', 'hard', 1000),
(314, 1, 'What does git bisect help identify?', 'Git + Dev Tools', 'hard', 1000),
(315, 1, 'What is the main benefit of squashing commits before merge in some workflows?', 'Git + Dev Tools', 'hard', 1000),
(316, 1, 'What is a fast forward merge?', 'Git + Dev Tools', 'hard', 1000),
(317, 1, 'What does piping output between commands do in a shell?', 'Git + Dev Tools', 'hard', 1000),
(318, 1, 'Why are secrets usually injected at runtime rather than committed to Git?', 'Git + Dev Tools', 'hard', 1000),
(319, 1, 'What is the main goal of a deployment rollback?', 'Git + Dev Tools', 'hard', 1000),
(320, 1, 'What does git cherry-pick do?', 'Git + Dev Tools', 'hard', 1000);

INSERT INTO Options (question_id, option_number, option_text, is_correct) VALUES
(81, 1, 'Queue', 1),(81, 2, 'Stack', 0),(81, 3, 'Tree', 0),(81, 4, 'Heap', 0),
(82, 1, 'Queue', 0),(82, 2, 'Stack', 1),(82, 3, 'Graph', 0),(82, 4, 'Set', 0),
(83, 1, 'Preorder', 0),(83, 2, 'Postorder', 0),(83, 3, 'Inorder', 1),(83, 4, 'Level order', 0),
(84, 1, 'O(log n)', 1),(84, 2, 'O(n)', 0),(84, 3, 'O(n log n)', 0),(84, 4, 'O(1)', 0),
(85, 1, 'Priority queue', 0),(85, 2, 'Queue', 1),(85, 3, 'Stack', 0),(85, 4, 'Hash map', 0),
(86, 1, 'Big O', 1),(86, 2, 'Theta', 0),(86, 3, 'Omega', 0),(86, 4, 'Sigma', 0),
(87, 1, '1', 0),(87, 2, '2', 1),(87, 3, '3', 0),(87, 4, 'Unlimited', 0),
(88, 1, 'Merge sort', 0),(88, 2, 'Bubble sort', 1),(88, 3, 'Heap sort', 0),(88, 4, 'Selection sort', 0),
(89, 1, 'O(log n)', 0),(89, 2, 'O(1)', 1),(89, 3, 'O(n)', 0),(89, 4, 'O(n log n)', 0),
(90, 1, 'BFS', 0),(90, 2, 'DFS', 1),(90, 3, 'Dijkstra', 0),(90, 4, 'Prim', 0),
(91, 1, 'O(1)', 0),(91, 2, 'O(log n)', 0),(91, 3, 'O(n)', 1),(91, 4, 'O(n log n)', 0),
(92, 1, 'Linked list', 0),(92, 2, 'Hash table', 1),(92, 3, 'Binary tree', 0),(92, 4, 'Queue', 0),
(93, 1, 'O(n)', 0),(93, 2, 'O(log n)', 1),(93, 3, 'O(n log n)', 0),(93, 4, 'O(1)', 0),
(94, 1, 'Insertion sort', 0),(94, 2, 'Quick sort', 1),(94, 3, 'Counting sort', 0),(94, 4, 'Bubble sort', 0),
(95, 1, 'O(n^2)', 0),(95, 2, 'O(n log n)', 1),(95, 3, 'O(log n)', 0),(95, 4, 'O(n)', 0),
(96, 1, 'Kruskal', 0),(96, 2, 'Dijkstra', 1),(96, 3, 'Floyd cycle', 0),(96, 4, 'DFS', 0),
(97, 1, 'O(log n)', 0),(97, 2, 'O(1)', 1),(97, 3, 'O(n)', 0),(97, 4, 'O(n log n)', 0),
(98, 1, 'Backtracking', 0),(98, 2, 'Memoization', 1),(98, 3, 'Hashing', 0),(98, 4, 'Greedy sorting', 0),
(99, 1, 'Segment tree', 0),(99, 2, 'Red black tree', 1),(99, 3, 'Trie', 0),(99, 4, 'Heap', 0),
(100, 1, 'O(1)', 0),(100, 2, 'O(height)', 0),(100, 3, 'O(width)', 1),(100, 4, 'O(log n)', 0),
(101, 1, 'Quick sort', 0),(101, 2, 'Selection sort', 0),(101, 3, 'Merge sort', 1),(101, 4, 'Heap sort', 0),
(102, 1, 'O(log n)', 0),(102, 2, 'O(1) amortized', 1),(102, 3, 'O(n)', 0),(102, 4, 'O(n log n)', 0),
(103, 1, 'Trie', 0),(103, 2, 'Disjoint set union', 1),(103, 3, 'Deque', 0),(103, 4, 'AVL tree', 0),
(104, 1, 'O(n log n)', 0),(104, 2, 'O(n^2)', 1),(104, 3, 'O(log n)', 0),(104, 4, 'O(n)', 0),
(105, 1, 'Topological sort with indegrees', 1),(105, 2, 'Binary search', 0),(105, 3, 'Prim', 0),(105, 4, 'Kadane', 0),
(106, 1, 'Preorder', 0),(106, 2, 'Inorder', 0),(106, 3, 'Postorder', 1),(106, 4, 'Level order', 0),
(107, 1, 'Number of tree levels', 0),(107, 2, 'Ratio of stored entries to bucket count', 1),(107, 3, 'Average probe count only', 0),(107, 4, 'Total collisions ever seen', 0),
(108, 1, 'Divide and conquer recursion only', 0),(108, 2, 'Bottom up dynamic programming', 1),(108, 3, 'Depth first pruning', 0),(108, 4, 'Hash collision chaining', 0),
(109, 1, 'B tree', 0),(109, 2, 'AVL tree', 1),(109, 3, 'Heap', 0),(109, 4, 'Trie', 0),
(110, 1, 'Sort weighted edges', 0),(110, 2, 'Order DAG tasks respecting dependencies', 1),(110, 3, 'Balance a BST', 0),(110, 4, 'Compress paths in DSU', 0),
(111, 1, 'Monitor', 0),(111, 2, 'Operating system', 0),(111, 3, 'CPU', 1),(111, 4, 'Compiler', 0),
(112, 1, 'A program in execution', 1),(112, 2, 'A single instruction', 0),(112, 3, 'A physical disk', 0),(112, 4, 'A user account', 0),
(113, 1, 'ROM', 0),(113, 2, 'RAM', 1),(113, 3, 'SSD only', 0),(113, 4, 'Cache line table', 0),
(114, 1, 'Segmentation', 0),(114, 2, 'Context switch', 1),(114, 3, 'Compilation', 0),(114, 4, 'Linking', 0),
(115, 1, 'Shortest job first', 0),(115, 2, 'FCFS', 1),(115, 3, 'Round robin', 0),(115, 4, 'Priority aging', 0),
(116, 1, 'Open software', 0),(116, 2, 'Operating system', 1),(116, 3, 'Object storage', 0),(116, 4, 'Output service', 0),
(117, 1, 'A lightweight execution unit within a process', 1),(117, 2, 'A type of disk block', 0),(117, 3, 'A command prompt', 0),(117, 4, 'A memory page', 0),
(118, 1, 'RAM', 0),(118, 2, 'CPU cache', 0),(118, 3, 'SSD', 1),(118, 4, 'Register file', 0),
(119, 1, 'exec', 0),(119, 2, 'fork', 1),(119, 3, 'kill', 0),(119, 4, 'open', 0),
(120, 1, 'A process waiting for network only', 0),(120, 2, 'Two or more processes waiting forever for resources', 1),(120, 3, 'A CPU overheating event', 0),(120, 4, 'A missing file handle', 0),
(121, 1, 'Increase disk size', 0),(121, 2, 'Use CPU efficiently and fairly', 1),(121, 3, 'Reduce source code size', 0),(121, 4, 'Encrypt memory pages', 0),
(122, 1, 'FCFS', 0),(122, 2, 'Round robin', 0),(122, 3, 'Shortest job first', 1),(122, 4, 'Lottery scheduling', 0),
(123, 1, 'Splitting memory into fixed size pages', 1),(123, 2, 'Sorting processes by size', 0),(123, 3, 'Encrypting disk sectors', 0),(123, 4, 'Printing files sequentially', 0),
(124, 1, 'A disk has failed', 0),(124, 2, 'Requested page is not in main memory', 1),(124, 3, 'A process has ended', 0),(124, 4, 'A CPU burst is too long', 0),
(125, 1, 'Stack', 0),(125, 2, 'Queue', 1),(125, 3, 'Trie', 0),(125, 4, 'Graph', 0),
(126, 1, 'Memory on the GPU', 0),(126, 2, 'An illusion of large address space backed by disk and RAM', 1),(126, 3, 'A network drive only', 0),(126, 4, 'Registers saved in cache', 0),
(127, 1, 'Semaphore only for counting', 0),(127, 2, 'Mutex', 1),(127, 3, 'Pipe', 0),(127, 4, 'Socket', 0),
(128, 1, 'Useful work done by a process', 0),(128, 2, 'Time spent saving and restoring execution state', 1),(128, 3, 'Disk compaction time', 0),(128, 4, 'Boot time only', 0),
(129, 1, 'LRU', 0),(129, 2, 'FIFO', 1),(129, 3, 'Optimal', 0),(129, 4, 'Clock with ref bit', 0),
(130, 1, 'It maps filenames to metadata and data block references', 1),(130, 2, 'It only stores user passwords', 0),(130, 3, 'It schedules CPU bursts', 0),(130, 4, 'It compresses RAM', 0),
(131, 1, 'Mutual exclusion', 0),(131, 2, 'Hold and wait', 0),(131, 3, 'Preemption', 1),(131, 4, 'Circular wait', 0),
(132, 1, 'FIFO', 0),(132, 2, 'Optimal', 1),(132, 3, 'LRU', 0),(132, 4, 'Clock', 0),
(133, 1, 'Rapid context switching due to too many page faults', 1),(133, 2, 'A dead disk platter', 0),(133, 3, 'A secure boot issue', 0),(133, 4, 'A race only in kernels', 0),
(134, 1, 'Aging', 0),(134, 2, 'Bankers algorithm', 1),(134, 3, 'Round robin', 0),(134, 4, 'Belady anomaly', 0),
(135, 1, 'Threads always have separate address spaces', 0),(135, 2, 'Processes have separate address spaces while threads share one within a process', 1),(135, 3, 'Processes cannot run concurrently', 0),(135, 4, 'Threads cannot block', 0),
(136, 1, 'Semaphore', 0),(136, 2, 'Inode', 1),(136, 3, 'TLB', 0),(136, 4, 'Mutex', 0),
(137, 1, 'Immediate full memory copying', 0),(137, 2, 'Memory usage by delaying page copies until modification', 1),(137, 3, 'CPU cache flushes', 0),(137, 4, 'Disk encryption', 0),
(138, 1, 'Response time', 0),(138, 2, 'Turnaround time', 1),(138, 3, 'Waiting ratio', 0),(138, 4, 'Context share', 0),
(139, 1, 'Unused memory inside an allocated block', 1),(139, 2, 'Unused free blocks between allocations', 0),(139, 3, 'Data duplicated on disk', 0),(139, 4, 'A missing page table entry', 0),
(140, 1, 'Priority inversion', 1),(140, 2, 'Thrashing', 0),(140, 3, 'Starvation only', 0),(140, 4, 'Fragmentation', 0),
(141, 1, 'Structured Query Language', 1),(141, 2, 'Sequential Query Logic', 0),(141, 3, 'Simple Queue Language', 0),(141, 4, 'Stored Query List', 0),
(142, 1, 'ORDER BY', 0),(142, 2, 'WHERE', 1),(142, 3, 'GROUP BY', 0),(142, 4, 'HAVING', 0),
(143, 1, 'A nullable text field only', 0),(143, 2, 'A column or set of columns that uniquely identifies a row', 1),(143, 3, 'Any indexed column', 0),(143, 4, 'A backup table', 0),
(144, 1, '1NF', 1),(144, 2, '2NF', 0),(144, 3, '3NF', 0),(144, 4, 'BCNF', 0),
(145, 1, 'UPDATE', 0),(145, 2, 'INSERT', 1),(145, 3, 'ALTER', 0),(145, 4, 'MERGE', 0),
(146, 1, 'LEFT JOIN', 0),(146, 2, 'RIGHT JOIN', 0),(146, 3, 'INNER JOIN', 1),(146, 4, 'CROSS JOIN', 0),
(147, 1, 'A backup strategy only', 0),(147, 2, 'Core transaction properties', 1),(147, 3, 'A data model', 0),(147, 4, 'A sorting rule', 0),
(148, 1, 'ROLLBACK', 0),(148, 2, 'SAVEPOINT', 0),(148, 3, 'COMMIT', 1),(148, 4, 'BEGIN', 0),
(149, 1, 'To speed up lookups and some joins', 1),(149, 2, 'To enforce formatting only', 0),(149, 3, 'To duplicate every table', 0),(149, 4, 'To replace transactions', 0),
(150, 1, 'SUM', 0),(150, 2, 'COUNT', 1),(150, 3, 'AVG', 0),(150, 4, 'MAX', 0),
(151, 1, '1NF', 0),(151, 2, '2NF', 1),(151, 3, '4NF', 0),(151, 4, 'BCNF', 0),
(152, 1, 'Referential integrity between tables', 1),(152, 2, 'Only sorting order', 0),(152, 3, 'Encryption of rows', 0),(152, 4, 'Compression of blobs', 0),
(153, 1, 'WHERE', 0),(153, 2, 'GROUP BY', 1),(153, 3, 'ORDER BY', 0),(153, 4, 'LIMIT', 0),
(154, 1, 'The row disappears', 0),(154, 2, 'Right columns return NULL values', 1),(154, 3, 'The query fails', 0),(154, 4, 'All rows duplicate automatically', 0),
(155, 1, 'A single table only', 0),(155, 2, 'A unit of work treated atomically', 1),(155, 3, 'A stored procedure result', 0),(155, 4, 'An index rebuild', 0),
(156, 1, 'Phantom read', 0),(156, 2, 'Dirty read', 1),(156, 3, 'Write skew', 0),(156, 4, 'Lost update only', 0),
(157, 1, 'To increase redundancy', 0),(157, 2, 'To reduce redundancy and anomalies', 1),(157, 3, 'To remove indexes', 0),(157, 4, 'To encrypt transactions', 0),
(158, 1, 'HAVING', 1),(158, 2, 'WHERE', 0),(158, 3, 'VALUES', 0),(158, 4, 'INTO', 0),
(159, 1, 'Bitmap image index always', 0),(159, 2, 'B tree style index', 1),(159, 3, 'No index can help ranges', 0),(159, 4, 'Hash only', 0),
(160, 1, 'INNER JOIN', 0),(160, 2, 'FULL JOIN', 0),(160, 3, 'CROSS JOIN', 1),(160, 4, 'SELF JOIN', 0),
(161, 1, 'Committed data survives failures once confirmed', 1),(161, 2, 'Transactions run in parallel', 0),(161, 3, 'Queries are always sorted', 0),(161, 4, 'Indexes auto rebuild', 0),
(162, 1, 'It handles multivalued dependency only', 0),(162, 2, 'Every determinant should be a candidate key', 1),(162, 3, 'It removes all joins', 0),(162, 4, 'It forbids foreign keys', 0),
(163, 1, 'A query timeout only', 0),(163, 2, 'Transactions blocking each other in a circular wait', 1),(163, 3, 'An index corruption event', 0),(163, 4, 'A NULL comparison bug', 0),
(164, 1, 'Trigger', 0),(164, 2, 'Window function such as RANK', 1),(164, 3, 'Foreign key clause', 0),(164, 4, 'UNION ALL', 0),
(165, 1, 'An index over multiple columns', 1),(165, 2, 'An index stored in many tables', 0),(165, 3, 'A duplicate primary key', 0),(165, 4, 'An encrypted index', 0),
(166, 1, 'Read uncommitted', 0),(166, 2, 'Read committed', 1),(166, 3, 'Serializable', 0),(166, 4, 'Snapshot always', 0),
(167, 1, 'Removing all duplicate rows', 0),(167, 2, 'Intentionally adding redundancy for read speed or simplicity', 1),(167, 3, 'Backing up data to another region', 0),(167, 4, 'Converting SQL to NoSQL', 0),
(168, 1, 'The physical row order or primary storage layout', 1),(168, 2, 'Password hashing algorithm', 0),(168, 3, 'The network packet format', 0),(168, 4, 'The transaction isolation level', 0),
(169, 1, 'CTE or WITH clause', 1),(169, 2, 'GRANT statement', 0),(169, 3, 'CHECK constraint', 0),(169, 4, 'TRUNCATE', 0),
(170, 1, 'Reads always become slower', 0),(170, 2, 'Writes and storage cost can increase', 1),(170, 3, 'Joins become impossible', 0),(170, 4, 'Transactions stop working', 0),
(171, 1, 'func', 0),(171, 2, 'lambda', 1),(171, 3, 'anon', 0),(171, 4, 'yield', 0),
(172, 1, 'list', 0),(172, 2, 'dict', 0),(172, 3, 'set', 0),(172, 4, 'tuple', 1),
(173, 1, '5', 0),(173, 2, '4', 1),(173, 3, '3', 0),(173, 4, 'Error', 0),
(174, 1, '//', 0),(174, 2, '#', 1),(174, 3, '--', 0),(174, 4, '/*', 0),
(175, 1, 'tuple', 0),(175, 2, 'set', 0),(175, 3, 'dictionary', 1),(175, 4, 'range', 0),
(176, 1, 'Creating loops only with indexes', 0),(176, 2, 'Building a derived list concisely', 1),(176, 3, 'Declaring classes', 0),(176, 4, 'Catching errors', 0),
(177, 1, 'catch', 0),(177, 2, 'handle', 0),(177, 3, 'try and except', 1),(177, 4, 'switch', 0),
(178, 1, 'A dictionary', 0),(178, 2, 'A function', 1),(178, 3, 'A package', 0),(178, 4, 'An import path', 0),
(179, 1, 'for', 1),(179, 2, 'switch', 0),(179, 3, 'repeat', 0),(179, 4, 'case', 0),
(180, 1, 'Whether two names reference the same object type relationship', 1),(180, 2, 'Only if a value is truthy', 0),(180, 3, 'Whether a file exists', 0),(180, 4, 'If a list is sorted', 0),
(181, 1, 'A full list', 0),(181, 2, 'A range object', 1),(181, 3, 'A tuple', 0),(181, 4, 'A generator expression', 0),
(182, 1, 'A function that returns all values at once', 0),(182, 2, 'An iterator producing values lazily', 1),(182, 3, 'A list sorted automatically', 0),(182, 4, 'A module alias', 0),
(183, 1, 'It points to the current instance', 1),(183, 2, 'It makes a method static', 0),(183, 3, 'It imports a class', 0),(183, 4, 'It duplicates an object', 0),
(184, 1, '__iter__ and __next__', 0),(184, 2, '__enter__ and __exit__', 1),(184, 3, '__add__ and __sub__', 0),(184, 4, '__new__ and __del__', 0),
(185, 1, 'Items sorted descending', 0),(185, 2, 'Index and value pairs', 1),(185, 3, 'Only unique values', 0),(185, 4, 'A reversed iterator only', 0),
(186, 1, 'They are identical operators', 0),(186, 2, '== compares value while is compares identity', 1),(186, 3, 'is compares strings only', 0),(186, 4, '== compares type only', 0),
(187, 1, 'Deletes a function after use', 0),(187, 2, 'Wraps or modifies function behavior', 1),(187, 3, 'Runs code in parallel', 0),(187, 4, 'Creates a database index', 0),
(188, 1, 'A harmless optimization always', 0),(188, 2, 'A common gotcha because the same object is reused across calls', 1),(188, 3, 'Required for recursion', 0),(188, 4, 'A syntax error', 0),
(189, 1, 'Strict inheritance only', 0),(189, 2, 'Behavior based typing by supported methods and attributes', 1),(189, 3, 'Binary encoding of objects', 0),(189, 4, 'Using only tuples', 0),
(190, 1, 'zip', 1),(190, 2, 'open', 0),(190, 3, 'slice', 0),(190, 4, 'input', 0),
(191, 1, 'All network sockets', 0),(191, 2, 'Execution of Python bytecode in one interpreter process', 1),(191, 3, 'All disk writes', 0),(191, 4, 'Garbage collection only', 0),
(192, 1, 'It uses more memory than return', 0),(192, 2, 'It yields values lazily and can save memory', 1),(192, 3, 'It forces parallel execution', 0),(192, 4, 'It avoids exceptions entirely', 0),
(193, 1, 'It destroys objects', 0),(193, 2, 'It initializes instance state after object creation', 1),(193, 3, 'It imports modules', 0),(193, 4, 'It copies classes', 0),
(194, 1, 'Selecting which import path to use', 0),(194, 2, 'Determining method lookup order in inheritance', 1),(194, 3, 'Sorting class attributes alphabetically', 0),(194, 4, 'Running tests in order', 0),
(195, 1, 'Nested mutable objects recursively', 0),(195, 2, 'Only the outer container while nested objects are shared references', 1),(195, 3, 'Nothing at all', 0),(195, 4, 'Only immutable members', 0),
(196, 1, '__repr__', 0),(196, 2, '__str__', 1),(196, 3, '__iter__', 0),(196, 4, '__bool__', 0),
(197, 1, 'They are tree based by default', 0),(197, 2, 'They use hashing for average O(1) membership', 1),(197, 3, 'They are always sorted', 0),(197, 4, 'They store indexes only', 0),
(198, 1, 'It checks if a file is executable', 0),(198, 2, 'It runs code only when the file is executed directly', 1),(198, 3, 'It enables multiprocessing automatically', 0),(198, 4, 'It imports the main package', 0),
(199, 1, 'A function bundled with data from an enclosing scope', 1),(199, 2, 'A file handler wrapper', 0),(199, 3, 'A class with no methods', 0),(199, 4, 'A database transaction', 0),
(200, 1, 'filter', 0),(200, 2, 'reduce', 1),(200, 3, 'zip_longest', 0),(200, 4, 'partial', 0),
(201, 1, 'var', 0),(201, 2, 'const', 0),(201, 3, 'let', 1),(201, 4, 'dim', 0),
(202, 1, 'Data Object Model', 0),(202, 2, 'Document Object Model', 1),(202, 3, 'Display Object Map', 0),(202, 4, 'Dynamic Order Module', 0),
(203, 1, 'JSON.stringify', 0),(203, 2, 'JSON.parse', 1),(203, 3, 'parseInt', 0),(203, 4, 'Object.fromEntries', 0),
(204, 1, '==', 0),(204, 2, '===', 1),(204, 3, '!=', 0),(204, 4, '=>', 0),
(205, 1, '10', 0),(205, 2, '30', 0),(205, 3, '20', 1),(205, 4, 'undefined', 0),
(206, 1, 'An ordered list like object of elements', 1),(206, 2, 'A key value store with fixed names only', 0),(206, 3, 'A compiled binary block', 0),(206, 4, 'A promise collection only', 0),
(207, 1, 'object', 0),(207, 2, 'prototype', 0),(207, 3, 'class', 1),(207, 4, 'define', 0),
(208, 1, 'A valid integer', 0),(208, 2, 'Not a Number', 1),(208, 3, 'A null alias', 0),(208, 4, 'Negative zero only', 0),
(209, 1, '->', 0),(209, 2, '=>', 1),(209, 3, '::', 0),(209, 4, 'lambda', 0),
(210, 1, 'It deletes event handlers', 0),(210, 2, 'It attaches an event listener to a target', 1),(210, 3, 'It creates a DOM tree', 0),(210, 4, 'It blocks default behavior forever', 0),
(211, 1, 'A function remembering variables from its outer scope', 1),(211, 2, 'A CSS animation loop', 0),(211, 3, 'A browser storage API', 0),(211, 4, 'An SQL query wrapper', 0),
(212, 1, 'Browser tab layout only', 0),(212, 2, 'Coordination of call stack, task queues, and async callbacks', 1),(212, 3, 'Only rendering of CSS', 0),(212, 4, 'Disk file buffering', 0),
(213, 1, 'To replace arrays', 0),(213, 2, 'To represent future async completion and chain results or errors', 1),(213, 3, 'To block the thread until done', 0),(213, 4, 'To compile code faster', 0),
(214, 1, 'Variables and function declarations are processed before execution within scope', 1),(214, 2, 'Code is sent to the server first', 0),(214, 3, 'Objects are sorted by key', 0),(214, 4, 'Promises run before functions exist', 0),
(215, 1, 'It is always the global object', 0),(215, 2, 'It refers to the object before the dot in a normal method call', 1),(215, 3, 'It is always undefined even in methods', 0),(215, 4, 'It points to the prototype only', 0),
(216, 1, 'The function always returns a Promise', 1),(216, 2, 'The function becomes synchronous', 0),(216, 3, 'The function cannot throw', 0),(216, 4, 'The function runs in a worker automatically', 0),
(217, 1, 'A template literal helper', 0),(217, 2, 'An object used for inherited properties and methods', 1),(217, 3, 'The DOM root node', 0),(217, 4, 'A database schema', 0),
(218, 1, 'forEach', 0),(218, 2, 'map', 1),(218, 3, 'find', 0),(218, 4, 'some', 0),
(219, 1, 'Automatic sorting of objects', 0),(219, 2, 'Extracting values from arrays or objects into variables', 1),(219, 3, 'Removal of duplicates from arrays', 0),(219, 4, 'Parsing JSON faster', 0),
(220, 1, 'Date', 0),(220, 2, 'Promise', 1),(220, 3, 'Math', 0),(220, 4, 'Reflect', 0),
(221, 1, 'They are exactly the same', 0),(221, 2, 'null is an intentional absence value while undefined often means not assigned or missing', 1),(221, 3, 'undefined is a number', 0),(221, 4, 'null means false only in arrays', 0),
(222, 1, 'It batches rapid repeated calls into one after inactivity', 1),(222, 2, 'It speeds sorting complexity', 0),(222, 3, 'It removes browser caching', 0),(222, 4, 'It encrypts event payloads', 0),
(223, 1, 'To convert strings to numbers', 0),(223, 2, 'To explicitly set or reuse this and pass arguments', 1),(223, 3, 'To create DOM nodes', 0),(223, 4, 'To parse JSON safely', 0),
(224, 1, 'It throws immediately', 0),(224, 2, 'It wraps the value as an already resolved Promise result', 1),(224, 3, 'It blocks forever', 0),(224, 4, 'It converts it to undefined', 0),
(225, 1, 'Events moving from target toward ancestors by default in bubbling phase', 1),(225, 2, 'Only keyboard repeat speed', 0),(225, 3, 'Promises resolving in order', 0),(225, 4, 'Data compression in arrays', 0),
(226, 1, 'var is block scoped', 0),(226, 2, 'var is function scoped so iterations can share one binding', 1),(226, 3, 'var disables closures', 0),(226, 4, 'var always creates deep copies', 0),
(227, 1, 'A function with no side effects and same output for same input', 1),(227, 2, 'A function without parameters only', 0),(227, 3, 'A function inside a class only', 0),(227, 4, 'A browser only function', 0),
(228, 1, 'Set', 0),(228, 2, 'Map', 1),(228, 3, 'WeakSet', 0),(228, 4, 'Array', 0),
(229, 1, 'It prevents syntax errors in imports', 0),(229, 2, 'It safely accesses nested properties that may be nullish', 1),(229, 3, 'It creates optional function params only', 0),(229, 4, 'It skips promise rejection', 0),
(230, 1, 'Promises and async composition', 1),(230, 2, 'Only global variables', 0),(230, 3, 'CSS modules', 0),(230, 4, 'Manual memory management', 0),
(231, 1, '4', 0),(231, 2, '2', 1),(231, 3, '2.5', 0),(231, 4, 'Compile error', 0),
(232, 1, 'Native machine code only', 0),(232, 2, 'Bytecode', 1),(232, 3, 'JSON', 0),(232, 4, 'Assembly macros', 0),
(233, 1, 'inherit', 0),(233, 2, 'extends', 1),(233, 3, 'implements', 0),(233, 4, 'super', 0),
(234, 1, 'List', 0),(234, 2, 'Set', 1),(234, 3, 'Queue', 0),(234, 4, 'ArrayList', 0),
(235, 1, 'Java Variable Model', 0),(235, 2, 'Java Virtual Machine', 1),(235, 3, 'Joint Vendor Module', 0),(235, 4, 'Jumbo Vector Memory', 0),
(236, 1, 'public', 0),(236, 2, 'protected', 0),(236, 3, 'private', 1),(236, 4, 'default', 0),
(237, 1, 'virtual', 0),(237, 2, 'const', 0),(237, 3, 'final', 1),(237, 4, 'sealed', 0),
(238, 1, 'IOException', 0),(238, 2, 'ClassNotFoundException', 0),(238, 3, 'NullPointerException', 1),(238, 4, 'ParseException', 0),
(239, 1, 'Automatic conversion between primitive and wrapper types', 1),(239, 2, 'Converting any object to string', 0),(239, 3, 'Encrypting class files', 0),(239, 4, 'Automatic memory release', 0),
(240, 1, 'Serializable', 0),(240, 2, 'Comparable', 0),(240, 3, 'Functional interface', 1),(240, 4, 'Runnable thread group', 0),
(241, 1, 'ArrayList is usually better for indexed access', 1),(241, 2, 'LinkedList is always faster for random access', 0),(241, 3, 'They are identical internally', 0),(241, 4, 'ArrayList cannot resize', 0),
(242, 1, 'Only local variables', 0),(242, 2, 'Objects no longer strongly reachable', 1),(242, 3, 'Stack frames immediately on method entry', 0),(242, 4, 'Source files', 0),
(243, 1, 'atomic', 0),(243, 2, 'synchronized', 1),(243, 3, 'volatile', 0),(243, 4, 'locked', 0),
(244, 1, 'Same method name with different parameter lists', 1),(244, 2, 'Child class changing method body only', 0),(244, 3, 'A method throwing many exceptions', 0),(244, 4, 'Multiple return values', 0),
(245, 1, 'It runs only when no exception happens', 0),(245, 2, 'It runs after try and catch for cleanup in normal and exceptional flows', 1),(245, 3, 'It replaces catch', 0),(245, 4, 'It disables return statements', 0),
(246, 1, 'ArrayDeque', 0),(246, 2, 'TreeSet', 1),(246, 3, 'HashMap', 0),(246, 4, 'Vector', 0),
(247, 1, 'To define a contract that classes can implement', 1),(247, 2, 'To allocate arrays', 0),(247, 3, 'To import packages', 0),(247, 4, 'To create exceptions only', 0),
(248, 1, 'Atomic increments', 0),(248, 2, 'Visibility of latest writes across threads for that field', 1),(248, 3, 'Deep copying across threads', 0),(248, 4, 'Automatic locking', 0),
(249, 1, 'throw declares, throws creates', 0),(249, 2, 'throw throws an exception instance, throws declares possible exceptions', 1),(249, 3, 'Both are identical', 0),(249, 4, 'throws works only in catch', 0),
(250, 1, 'Base', 0),(250, 2, 'Class', 0),(250, 3, 'Root', 0),(250, 4, 'Object', 1),
(251, 1, 'It translates hot bytecode paths into optimized native code at runtime', 1),(251, 2, 'It only minifies source files', 0),(251, 3, 'It replaces the garbage collector', 0),(251, 4, 'It disables class loading', 0),
(252, 1, 'Starvation', 0),(252, 2, 'Deadlock', 1),(252, 3, 'Serialization', 0),(252, 4, 'Inlining', 0),
(253, 1, 'Heap', 1),(253, 2, 'Code cache only', 0),(253, 3, 'Class loader table', 0),(253, 4, 'Register file', 0),
(254, 1, 'An exception that must be declared or handled by the compiler rules', 1),(254, 2, 'An exception ignored by the JVM', 0),(254, 3, 'A runtime warning only', 0),(254, 4, 'A syntax error', 0),
(255, 1, 'It guarantees parallel speedup only', 0),(255, 2, 'It reduces shared mutable state issues', 1),(255, 3, 'It removes the need for classes', 0),(255, 4, 'It disables GC', 0),
(256, 1, 'Generic type info is fully kept for all runtime operations', 0),(256, 2, 'Most generic type parameters are removed or replaced at runtime', 1),(256, 3, 'Types are encrypted in bytecode', 0),(256, 4, 'Only arrays support generics', 0),
(257, 1, 'Collections', 0),(257, 2, 'Executors', 1),(257, 3, 'Threads', 0),(257, 4, 'Objects', 0),
(258, 1, 'It determines source file name', 0),(258, 2, 'Consistent hashing behavior for equal objects in hash based collections', 1),(258, 3, 'It is used only for sorting', 0),(258, 4, 'It replaces toString', 0),
(259, 1, 'It prevents UTF support', 0),(259, 2, 'It helps security, sharing, and thread safety benefits', 1),(259, 3, 'It makes strings always faster than all other types', 0),(259, 4, 'It allows pointer arithmetic', 0),
(260, 1, 'wait releases monitor and requires synchronization, sleep pauses without releasing monitor', 1),(260, 2, 'sleep releases monitor but wait does not', 0),(260, 3, 'Both are identical', 0),(260, 4, 'wait works only in static methods', 0),
(261, 1, 'Standard Template Library', 1),(261, 2, 'Structured Type Logic', 0),(261, 3, 'Static Template Linker', 0),(261, 4, 'System Tool Library', 0),
(262, 1, 'malloc', 0),(262, 2, 'alloc', 0),(262, 3, 'new', 1),(262, 4, 'make', 0),
(263, 1, '3.5', 0),(263, 2, '3', 1),(263, 3, '2', 0),(263, 4, 'Compile error', 0),
(264, 1, 'A function that initializes an object when it is created', 1),(264, 2, 'A function that destroys objects only', 0),(264, 3, 'A macro for pointers', 0),(264, 4, 'A compile flag', 0),
(265, 1, 'std::list', 0),(265, 2, 'std::vector', 1),(265, 3, 'std::stack', 0),(265, 4, 'std::set', 0),
(266, 1, 'An alias bound to an existing object', 1),(266, 2, 'A null pointer only', 0),(266, 3, 'A heap block header', 0),(266, 4, 'A type cast', 0),
(267, 1, 'extends', 0),(267, 2, 'override', 1),(267, 3, 'implements', 0),(267, 4, 'virtualize', 0),
(268, 1, 'To free memory allocated with new', 1),(268, 2, 'To create templates', 0),(268, 3, 'To copy objects', 0),(268, 4, 'To sort vectors', 0),
(269, 1, '<map>', 0),(269, 2, '<vector>', 1),(269, 3, '<memory>', 0),(269, 4, '<string_view>', 0),
(270, 1, 'A pointer to the current object', 0),(270, 2, 'A null pointer literal', 1),(270, 3, 'An integer zero only', 0),(270, 4, 'A deleted object', 0),
(271, 1, 'Run all algorithms in assembly', 0),(271, 2, 'Resource acquisition is initialization', 1),(271, 3, 'Recursion and iteration integration', 0),(271, 4, 'Random access in arrays', 0),
(272, 1, 'Stack is usually automatic scope based allocation, heap is dynamic allocation', 1),(272, 2, 'Heap is always faster than stack', 0),(272, 3, 'Stack objects need delete', 0),(272, 4, 'There is no difference', 0),
(273, 1, 'They speed template instantiation', 0),(273, 2, 'They ensure proper derived cleanup through base pointers', 1),(273, 3, 'They prevent copy construction', 0),(273, 4, 'They remove vtables', 0),
(274, 1, 'Two methods with same name but different parameters', 1),(274, 2, 'Derived class method replacement only', 0),(274, 3, 'Multiple return types in one signature', 0),(274, 4, 'Using many namespaces', 0),
(275, 1, 'shared_ptr', 0),(275, 2, 'weak_ptr', 0),(275, 3, 'unique_ptr', 1),(275, 4, 'auto_ptr', 0),
(276, 1, 'The object becomes static', 0),(276, 2, 'The method promises not to modify observable object state', 1),(276, 3, 'The method returns a constant value only', 0),(276, 4, 'The method can run once only', 0),
(277, 1, 'To generate code for generic types or values', 1),(277, 2, 'To disable compilation warnings', 0),(277, 3, 'To replace inheritance entirely', 0),(277, 4, 'To compress binaries', 0),
(278, 1, 'map is ordered tree based, unordered_map is hash based', 1),(278, 2, 'unordered_map keeps keys sorted', 0),(278, 3, 'map cannot store strings', 0),(278, 4, 'They are identical', 0),
(279, 1, 'lvalue', 0),(279, 2, 'rvalue', 1),(279, 3, 'const value', 0),(279, 4, 'volatile value', 0),
(280, 1, 'A constructor that initializes static globals', 0),(280, 2, 'A constructor that creates an object from another object of same type', 1),(280, 3, 'A function that deletes copies', 0),(280, 4, 'A runtime cast helper', 0),
(281, 1, 'Template recursion', 0),(281, 2, 'Memory leaks from forgotten deletes', 1),(281, 3, 'Integer overflow only', 0),(281, 4, 'Compile time polymorphism', 0),
(282, 1, 'Copying only the base part of a derived object by value', 1),(282, 2, 'Cutting arrays into halves', 0),(282, 3, 'Deleting stack variables', 0),(282, 4, 'Moving objects between threads', 0),
(283, 1, 'Hash table probing', 0),(283, 2, 'Runtime polymorphic dispatch of virtual functions', 1),(283, 3, 'Stack unwinding only', 0),(283, 4, 'Name mangling', 0),
(284, 1, 'static_cast', 0),(284, 2, 'reinterpret_cast', 0),(284, 3, 'dynamic_cast', 1),(284, 4, 'const_cast', 0),
(285, 1, 'Five main STL containers', 0),(285, 2, 'Special member functions often considered when managing resources', 1),(285, 3, 'The maximum template arity', 0),(285, 4, 'Five levels of constness', 0),
(286, 1, 'Avoiding all copies and reusing resources when transferring ownership', 1),(286, 2, 'Replacing classes with structs', 0),(286, 3, 'Removing constructors', 0),(286, 4, 'Preventing all exceptions', 0),
(287, 1, 'It is always fine because delete handles arrays and scalars the same', 0),(287, 2, 'It may not call the right destructors or deallocation form', 1),(287, 3, 'It only slows sorting', 0),(287, 4, 'It changes namespace lookup', 0),
(288, 1, 'It forces a move by casting to an rvalue expression', 1),(288, 2, 'It allocates heap memory', 0),(288, 3, 'It deletes an object', 0),(288, 4, 'It blocks copying at compile time', 0),
(289, 1, 'Memory that is allocated and never released when no longer needed', 1),(289, 2, 'Memory that is too small for an object', 0),(289, 3, 'A stack overflow only', 0),(289, 4, 'Read only memory', 0),
(290, 1, 'It always sorts the vector', 0),(290, 2, 'It can construct elements in place and avoid an extra temporary', 1),(290, 3, 'It prevents reallocation forever', 0),(290, 4, 'It returns iterators only', 0),
(291, 1, 'git log', 0),(291, 2, 'git status', 1),(291, 3, 'git show', 0),(291, 4, 'git init', 0),
(292, 1, 'git add', 0),(292, 2, 'git commit', 1),(292, 3, 'git diff', 0),(292, 4, 'git reset', 0),
(293, 1, 'Copies a remote repository locally', 1),(293, 2, 'Deletes a repository', 0),(293, 3, 'Archives a branch only', 0),(293, 4, 'Merges two histories', 0),
(294, 1, '.gitkeep', 0),(294, 2, '.gitignore', 1),(294, 3, '.gitattributes', 0),(294, 4, '.ignorelist', 0),
(295, 1, 'Code Integration', 0),(295, 2, 'Continuous Integration', 1),(295, 3, 'Centralized Instance', 0),(295, 4, 'Compile Interface', 0),
(296, 1, 'git fetch', 0),(296, 2, 'git merge', 0),(296, 3, 'git pull', 1),(296, 4, 'git branch', 0),
(297, 1, 'Deletes files from disk', 0),(297, 2, 'Stages changes for the next commit', 1),(297, 3, 'Pushes to remote', 0),(297, 4, 'Renames the branch', 0),
(298, 1, 'A separate line of development', 1),(298, 2, 'A deployment environment only', 0),(298, 3, 'A local tag', 0),(298, 4, 'A staged file set', 0),
(299, 1, 'git clone', 0),(299, 2, 'git log', 1),(299, 3, 'git clean', 0),(299, 4, 'git mv', 0),
(300, 1, 'Continuous Delivery or Deployment depending on context', 1),(300, 2, 'Code Download', 0),(300, 3, 'Central Debugging', 0),(300, 4, 'Compile Distribution', 0),
(301, 1, 'Merge creates a merge commit while rebase reapplies commits on a new base', 1),(301, 2, 'Rebase always preserves graph shape exactly', 0),(301, 3, 'Merge deletes commit history', 0),(301, 4, 'They are identical', 0),
(302, 1, 'It downloads remote changes without updating the current branch', 1),(302, 2, 'It stages files automatically', 0),(302, 3, 'It creates a PR', 0),(302, 4, 'It rewrites remote history', 0),
(303, 1, 'It hides code changes from teammates', 0),(303, 2, 'It enables review, discussion, and controlled merging', 1),(303, 3, 'It replaces all branches', 0),(303, 4, 'It bypasses CI', 0),
(304, 1, 'Integration issues and regressions from combining changes', 1),(304, 2, 'Only hardware failures', 0),(304, 3, 'Only browser cache misses', 0),(304, 4, 'Disk fragmentation', 0),
(305, 1, 'pwd', 1),(305, 2, 'ls', 0),(305, 3, 'cd ..', 0),(305, 4, 'touch', 0),
(306, 1, 'Deletes untracked files permanently', 0),(306, 2, 'Temporarily shelves local changes', 1),(306, 3, 'Publishes a release tag', 0),(306, 4, 'Changes the default remote', 0),
(307, 1, 'They are hardcoded comments only', 0),(307, 2, 'They provide configuration values outside source code', 1),(307, 3, 'They replace all command flags', 0),(307, 4, 'They are Git branches', 0),
(308, 1, 'git branch new && git switch new', 0),(308, 2, 'git switch -c new', 1),(308, 3, 'git reset -c new', 0),(308, 4, 'git stage new', 0),
(309, 1, 'A compiled or packaged output produced by a build', 1),(309, 2, 'A Git conflict marker', 0),(309, 3, 'A deleted branch', 0),(309, 4, 'A password manager entry', 0),
(310, 1, 'It only makes the UI look nicer', 0),(310, 2, 'It helps catch unintended changes before they land', 1),(310, 3, 'It guarantees zero bugs forever', 0),(310, 4, 'It replaces tests', 0),
(311, 1, 'HEAD points directly to a commit instead of a named branch', 1),(311, 2, 'The repository is corrupted', 0),(311, 3, 'No commits exist', 0),(311, 4, 'Remote tracking is disabled permanently', 0),
(312, 1, 'It is always safe for all shared branches', 0),(312, 2, 'It rewrites branch history and can disrupt collaborators', 1),(312, 3, 'It only changes local tags', 0),(312, 4, 'It removes file permissions only', 0),
(313, 1, 'To make builds less deterministic', 0),(313, 2, 'To reuse expensive dependencies or outputs between runs', 1),(313, 3, 'To hide logs', 0),(313, 4, 'To replace tests entirely', 0),
(314, 1, 'The commit that introduced a regression by binary search over history', 1),(314, 2, 'The largest file in a repo', 0),(314, 3, 'The branch with most commits', 0),(314, 4, 'The next version number', 0),
(315, 1, 'It can leave a cleaner final history by combining noisy intermediate commits', 1),(315, 2, 'It guarantees no merge conflicts', 0),(315, 3, 'It deletes author information', 0),(315, 4, 'It disables code review', 0),
(316, 1, 'A merge where the branch tip simply advances without a merge commit', 1),(316, 2, 'A merge that drops files', 0),(316, 3, 'A forced rebase result only', 0),(316, 4, 'A cherry pick between remotes', 0),
(317, 1, 'It writes output from one command into another command input stream', 1),(317, 2, 'It comments out code', 0),(317, 3, 'It creates Git hooks', 0),(317, 4, 'It resets shell history', 0),
(318, 1, 'Because committed secrets are hard to rotate and can leak broadly', 1),(318, 2, 'Because Git cannot store text files', 0),(318, 3, 'Because CI cannot read env vars', 0),(318, 4, 'Because secrets slow compilation only', 0),
(319, 1, 'To permanently delete production data', 0),(319, 2, 'To restore a previous known good version after a bad release', 1),(319, 3, 'To rewrite all Git history', 0),(319, 4, 'To skip smoke tests', 0),
(320, 1, 'It rebases an entire branch automatically', 0),(320, 2, 'It applies one specific commit onto the current branch', 1),(320, 3, 'It renames a remote', 0),(320, 4, 'It squashes the last two commits', 0);

-- ------------------------------------------------------------
-- STATIC QUIZZES
-- ------------------------------------------------------------
INSERT INTO Quizzes (quiz_id, admin_id, title, genre, difficulty, num_questions, time_per_question, is_static) VALUES
(1, 1, 'Science Blast', 'Science', 'mixed', 15, 20, 1),
(2, 1, 'History Hunt',  'History', 'mixed', 15, 20, 1),
(3, 1, 'Tech Talk',     'Tech',    'mixed', 15, 20, 1),
(4, 1, 'Mixed Madness', 'Mixed',   'mixed', 15, 20, 1),
(5, 1, 'DSA Fundamentals', 'Placement Prep', 'mixed', 15, 30, 1),
(6, 1, 'Operating Systems', 'Placement Prep', 'mixed', 15, 30, 1),
(7, 1, 'DBMS + SQL', 'Placement Prep', 'mixed', 15, 30, 1),
(8, 1, 'Python Essentials', 'Placement Prep', 'mixed', 15, 20, 1),
(9, 1, 'JavaScript', 'Placement Prep', 'mixed', 15, 30, 1),
(10, 1, 'Java', 'Placement Prep', 'mixed', 15, 30, 1),
(11, 1, 'C++', 'Placement Prep', 'mixed', 15, 30, 1),
(12, 1, 'Git + Dev Tools', 'Placement Prep', 'mixed', 15, 20, 1);

-- ------------------------------------------------------------
-- QUIZ QUESTIONS (15 per quiz)
-- ------------------------------------------------------------
INSERT INTO QuizQuestions (quiz_id, question_id, order_index) VALUES
(1,2,1),(1,1,2),(1,5,3),(1,10,4),(1,7,5),
(1,13,6),(1,16,7),(1,11,8),(1,15,9),(1,17,10),
(1,19,11),(1,20,12),(1,18,13),(1,14,14),(1,12,15),
(2,21,1),(2,22,2),(2,24,3),(2,29,4),(2,25,5),
(2,31,6),(2,35,7),(2,32,8),(2,37,9),(2,34,10),
(2,39,11),(2,40,12),(2,33,13),(2,36,14),(2,38,15),
(3,41,1),(3,43,2),(3,47,3),(3,49,4),(3,48,5),
(3,53,6),(3,52,7),(3,58,8),(3,51,9),(3,55,10),
(3,59,11),(3,60,12),(3,56,13),(3,54,14),(3,57,15),
(4,66,1),(4,65,2),(4,61,3),(4,70,4),(4,64,5),
(4,72,6),(4,74,7),(4,71,8),(4,75,9),(4,73,10),
(4,79,11),(4,80,12),(4,78,13),(4,77,14),(4,76,15),
(5,81,1),(5,82,2),(5,83,3),(5,84,4),(5,85,5),(5,86,6),(5,87,7),(5,88,8),(5,89,9),(5,90,10),
(5,91,11),(5,92,12),(5,93,13),(5,94,14),(5,95,15),(5,96,16),(5,97,17),(5,98,18),(5,99,19),(5,100,20),
(5,101,21),(5,102,22),(5,103,23),(5,104,24),(5,105,25),(5,106,26),(5,107,27),(5,108,28),(5,109,29),(5,110,30),
(6,111,1),(6,112,2),(6,113,3),(6,114,4),(6,115,5),(6,116,6),(6,117,7),(6,118,8),(6,119,9),(6,120,10),
(6,121,11),(6,122,12),(6,123,13),(6,124,14),(6,125,15),(6,126,16),(6,127,17),(6,128,18),(6,129,19),(6,130,20),
(6,131,21),(6,132,22),(6,133,23),(6,134,24),(6,135,25),(6,136,26),(6,137,27),(6,138,28),(6,139,29),(6,140,30),
(7,141,1),(7,142,2),(7,143,3),(7,144,4),(7,145,5),(7,146,6),(7,147,7),(7,148,8),(7,149,9),(7,150,10),
(7,151,11),(7,152,12),(7,153,13),(7,154,14),(7,155,15),(7,156,16),(7,157,17),(7,158,18),(7,159,19),(7,160,20),
(7,161,21),(7,162,22),(7,163,23),(7,164,24),(7,165,25),(7,166,26),(7,167,27),(7,168,28),(7,169,29),(7,170,30),
(8,171,1),(8,172,2),(8,173,3),(8,174,4),(8,175,5),(8,176,6),(8,177,7),(8,178,8),(8,179,9),(8,180,10),
(8,181,11),(8,182,12),(8,183,13),(8,184,14),(8,185,15),(8,186,16),(8,187,17),(8,188,18),(8,189,19),(8,190,20),
(8,191,21),(8,192,22),(8,193,23),(8,194,24),(8,195,25),(8,196,26),(8,197,27),(8,198,28),(8,199,29),(8,200,30),
(9,201,1),(9,202,2),(9,203,3),(9,204,4),(9,205,5),(9,206,6),(9,207,7),(9,208,8),(9,209,9),(9,210,10),
(9,211,11),(9,212,12),(9,213,13),(9,214,14),(9,215,15),(9,216,16),(9,217,17),(9,218,18),(9,219,19),(9,220,20),
(9,221,21),(9,222,22),(9,223,23),(9,224,24),(9,225,25),(9,226,26),(9,227,27),(9,228,28),(9,229,29),(9,230,30),
(10,231,1),(10,232,2),(10,233,3),(10,234,4),(10,235,5),(10,236,6),(10,237,7),(10,238,8),(10,239,9),(10,240,10),
(10,241,11),(10,242,12),(10,243,13),(10,244,14),(10,245,15),(10,246,16),(10,247,17),(10,248,18),(10,249,19),(10,250,20),
(10,251,21),(10,252,22),(10,253,23),(10,254,24),(10,255,25),(10,256,26),(10,257,27),(10,258,28),(10,259,29),(10,260,30),
(11,261,1),(11,262,2),(11,263,3),(11,264,4),(11,265,5),(11,266,6),(11,267,7),(11,268,8),(11,269,9),(11,270,10),
(11,271,11),(11,272,12),(11,273,13),(11,274,14),(11,275,15),(11,276,16),(11,277,17),(11,278,18),(11,279,19),(11,280,20),
(11,281,21),(11,282,22),(11,283,23),(11,284,24),(11,285,25),(11,286,26),(11,287,27),(11,288,28),(11,289,29),(11,290,30),
(12,291,1),(12,292,2),(12,293,3),(12,294,4),(12,295,5),(12,296,6),(12,297,7),(12,298,8),(12,299,9),(12,300,10),
(12,301,11),(12,302,12),(12,303,13),(12,304,14),(12,305,15),(12,306,16),(12,307,17),(12,308,18),(12,309,19),(12,310,20),
(12,311,21),(12,312,22),(12,313,23),(12,314,24),(12,315,25),(12,316,26),(12,317,27),(12,318,28),(12,319,29),(12,320,30);

-- ------------------------------------------------------------
-- EXTRA LANGUAGE + TOOLS PACKS
-- ------------------------------------------------------------
INSERT INTO QuestionBank (question_id, admin_id, question_text, genre, difficulty, base_points) VALUES
(321, 1, 'Which header commonly provides printf?', 'C', 'easy', 500),
(322, 1, 'Which symbol ends a statement in C?', 'C', 'easy', 500),
(323, 1, 'Which operator gives the address of a variable?', 'C', 'easy', 500),
(324, 1, 'What is the output?\n```c\nprintf("%d", 5 / 2);\n```', 'C', 'easy', 500),
(325, 1, 'Which keyword marks a variable as not intended to be modified?', 'C', 'easy', 500),
(326, 1, 'What does `int arr[5];` create?', 'C', 'easy', 500),
(327, 1, 'Which loop is guaranteed to execute at least once?', 'C', 'easy', 500),
(328, 1, 'What does `return 0;` traditionally signal from `main`?', 'C', 'easy', 500),
(329, 1, 'Which format specifier prints an `int` with `printf`?', 'C', 'easy', 500),
(330, 1, 'What is a pointer?', 'C', 'easy', 500),
(331, 1, 'What is the difference between `=` and `==` in C?', 'C', 'medium', 750),
(332, 1, 'What can happen if you read an uninitialized local variable?', 'C', 'medium', 750),
(333, 1, 'Which function copies a C string including the null terminator?', 'C', 'medium', 750),
(334, 1, 'Why must C strings end with `\\0`?', 'C', 'medium', 750),
(335, 1, 'What is typically passed when an array is used as a function parameter?', 'C', 'medium', 750),
(336, 1, 'What does `malloc` return on allocation failure?', 'C', 'medium', 750),
(337, 1, 'What is the purpose of `sizeof`?', 'C', 'medium', 750),
(338, 1, 'Which storage class lets a local variable keep its value between calls?', 'C', 'medium', 750),
(339, 1, 'Pointer arithmetic advances in units of what?', 'C', 'medium', 750),
(340, 1, 'Why is `fgets` generally safer than `gets`?', 'C', 'medium', 750),
(341, 1, 'What does undefined behavior mean in C?', 'C', 'hard', 1000),
(342, 1, 'What is a dangling pointer?', 'C', 'hard', 1000),
(343, 1, 'Which function releases memory allocated by `malloc`?', 'C', 'hard', 1000),
(344, 1, 'What is wrong with this code?\n```c\nint x = 3;\nprintf("%d", x++ + ++x);\n```', 'C', 'hard', 1000),
(345, 1, 'What does `volatile` mainly tell the compiler?', 'C', 'hard', 1000),
(346, 1, 'What can happen if `printf("%d", "hi");` is used?', 'C', 'hard', 1000),
(347, 1, 'What is the purpose of a function prototype?', 'C', 'hard', 1000),
(348, 1, 'What is the difference between stack and heap allocation?', 'C', 'hard', 1000),
(349, 1, 'Why can a buffer overflow be dangerous?', 'C', 'hard', 1000),
(350, 1, 'What is the main issue with returning the address of a local variable?', 'C', 'hard', 1000),
(351, 1, 'What is a prompt in an AI tool?', 'AI + Prompting', 'easy', 500),
(352, 1, 'Which prompt is usually better?', 'AI + Prompting', 'easy', 500),
(353, 1, 'Before shipping AI generated code, what should you do?', 'AI + Prompting', 'easy', 500),
(354, 1, 'Which practice usually reduces hallucination risk?', 'AI + Prompting', 'easy', 500),
(355, 1, 'Is it usually okay to paste private API keys into a public AI tool?', 'AI + Prompting', 'easy', 500),
(356, 1, 'What is a hallucination in AI output?', 'AI + Prompting', 'easy', 500),
(357, 1, 'When is AI especially useful?', 'AI + Prompting', 'easy', 500),
(358, 1, 'Which prompt style usually improves answer quality?', 'AI + Prompting', 'easy', 500),
(359, 1, 'What should you do if an AI answer seems suspicious?', 'AI + Prompting', 'easy', 500),
(360, 1, 'Which is a poor prompt?', 'AI + Prompting', 'easy', 500),
(361, 1, 'Why can vague prompts produce weak answers?', 'AI + Prompting', 'medium', 750),
(362, 1, 'What is prompt iteration?', 'AI + Prompting', 'medium', 750),
(363, 1, 'When asking AI for code, what extra detail helps the most?', 'AI + Prompting', 'medium', 750),
(364, 1, 'Why ask AI to explain tradeoffs?', 'AI + Prompting', 'medium', 750),
(365, 1, 'What is retrieval grounded prompting at a high level?', 'AI + Prompting', 'medium', 750),
(366, 1, 'Why should AI generated SQL or shell commands be reviewed carefully?', 'AI + Prompting', 'medium', 750),
(367, 1, 'What is one downside of over relying on AI while learning?', 'AI + Prompting', 'medium', 750),
(368, 1, 'When is AI a bad substitute for human judgment?', 'AI + Prompting', 'medium', 750),
(369, 1, 'Which debugging prompt is usually better?', 'AI + Prompting', 'medium', 750),
(370, 1, 'Why request structured output like bullets or JSON?', 'AI + Prompting', 'medium', 750),
(371, 1, 'Why is detailed sounding AI reasoning not a guarantee of correctness?', 'AI + Prompting', 'hard', 1000),
(372, 1, 'What is prompt injection at a high level?', 'AI + Prompting', 'hard', 1000),
(373, 1, 'Why is asking AI to cite sources useful?', 'AI + Prompting', 'hard', 1000),
(374, 1, 'What is the main benefit of giving AI a small reproducible example?', 'AI + Prompting', 'hard', 1000),
(375, 1, 'Why can copying AI code blindly create maintenance issues?', 'AI + Prompting', 'hard', 1000),
(376, 1, 'What is the safest response when AI suggests a destructive command?', 'AI + Prompting', 'hard', 1000),
(377, 1, 'What does temperature generally affect in generative AI?', 'AI + Prompting', 'hard', 1000),
(378, 1, 'When should you prefer deterministic instructions and a strict output format?', 'AI + Prompting', 'hard', 1000),
(379, 1, 'What is a major risk of using confidential company documents in unapproved AI tools?', 'AI + Prompting', 'hard', 1000),
(380, 1, 'Why is feedback like `make it better` weaker than targeted critique?', 'AI + Prompting', 'hard', 1000);

INSERT INTO Options (question_id, option_number, option_text, is_correct) VALUES
(321, 1, '<stdlib.h>', 0),(321, 2, '<stdio.h>', 1),(321, 3, '<string.h>', 0),(321, 4, '<math.h>', 0),
(322, 1, ':', 0),(322, 2, ';', 1),(322, 3, ',', 0),(322, 4, '.', 0),
(323, 1, '*', 0),(323, 2, '&', 1),(323, 3, '%', 0),(323, 4, '#', 0),
(324, 1, '2.5', 0),(324, 2, '2', 1),(324, 3, '3', 0),(324, 4, 'Compile error', 0),
(325, 1, 'immutable', 0),(325, 2, 'final', 0),(325, 3, 'const', 1),(325, 4, 'fixed', 0),
(326, 1, 'A pointer to one int', 0),(326, 2, 'An array of 5 ints', 1),(326, 3, 'A function declaration', 0),(326, 4, 'A string buffer only', 0),
(327, 1, 'for', 0),(327, 2, 'while', 0),(327, 3, 'do while', 1),(327, 4, 'if', 0),
(328, 1, 'Program failed', 0),(328, 2, 'Program succeeded', 1),(328, 3, 'The OS should reboot', 0),(328, 4, 'A loop should restart', 0),
(329, 1, '%f', 0),(329, 2, '%s', 0),(329, 3, '%d', 1),(329, 4, '%p', 0),
(330, 1, 'A variable that stores a memory address', 1),(330, 2, 'A function that points to errors only', 0),(330, 3, 'An integer constant', 0),(330, 4, 'A preprocessor directive', 0),
(331, 1, '`=` compares and `==` assigns', 0),(331, 2, '`=` assigns and `==` compares', 1),(331, 3, 'They are interchangeable', 0),(331, 4, 'Both are pointer operators only', 0),
(332, 1, 'It is always zero', 0),(332, 2, 'It always crashes immediately', 0),(332, 3, 'It has an indeterminate value and behavior may be unpredictable', 1),(332, 4, 'The compiler fills it with null bytes', 0),
(333, 1, 'strcmp', 0),(333, 2, 'strcpy', 1),(333, 3, 'strlen', 0),(333, 4, 'strchr', 0),
(334, 1, 'It marks the end of the string', 1),(334, 2, 'It stores the string length', 0),(334, 3, 'It enables comments', 0),(334, 4, 'It makes strings immutable', 0),
(335, 1, 'A full copied array by value', 0),(335, 2, 'A pointer to the first element', 1),(335, 3, 'Only the array length', 0),(335, 4, 'A linked list node', 0),
(336, 1, '0 bytes', 0),(336, 2, 'It throws an exception', 0),(336, 3, 'NULL', 1),(336, 4, 'A negative pointer', 0),
(337, 1, 'It returns the number of bytes for a type or object', 1),(337, 2, 'It allocates heap memory', 0),(337, 3, 'It compares pointer values', 0),(337, 4, 'It measures runtime only', 0),
(338, 1, 'extern', 0),(338, 2, 'register', 0),(338, 3, 'static', 1),(338, 4, 'typedef', 0),
(339, 1, 'Bytes only regardless of type', 0),(339, 2, 'The size of the pointed to type', 1),(339, 3, 'The number of array elements only', 0),(339, 4, 'Source code line count', 0),
(340, 1, 'It automatically removes newlines', 0),(340, 2, 'It limits how many characters are read', 1),(340, 3, 'It allocates memory dynamically', 0),(340, 4, 'It converts input to integers only', 0),
(341, 1, 'The compiler must reject the program', 0),(341, 2, 'The language imposes no requirements on the result', 1),(341, 3, 'The result is always zero', 0),(341, 4, 'The debugger fixes it', 0),
(342, 1, 'A pointer to constant data only', 0),(342, 2, 'A pointer that points to freed or out of scope memory', 1),(342, 3, 'A null pointer literal', 0),(342, 4, 'A pointer stored on the heap', 0),
(343, 1, 'delete', 0),(343, 2, 'release', 0),(343, 3, 'free', 1),(343, 4, 'dispose', 0),
(344, 1, 'Nothing is wrong; it always prints 7', 0),(344, 2, 'It leaks memory', 0),(344, 3, 'It has undefined behavior because `x` is modified multiple times without sequencing', 1),(344, 4, 'It is invalid only in C++ but valid in C', 0),
(345, 1, 'The value may change outside normal program flow, so accesses should not be optimized away', 1),(345, 2, 'The variable becomes thread safe', 0),(345, 3, 'The value can never change', 0),(345, 4, 'The compiler must place it on the stack', 0),
(346, 1, 'It safely prints hi', 0),(346, 2, 'It is undefined behavior due to a format and argument mismatch', 1),(346, 3, 'It prints the string length', 0),(346, 4, 'It automatically casts the string to int', 0),
(347, 1, 'To declare a function signature before use and enable type checking', 1),(347, 2, 'To allocate stack memory', 0),(347, 3, 'To replace header files', 0),(347, 4, 'To free pointers', 0),
(348, 1, 'Stack is automatic lifetime storage; heap is dynamically managed storage', 1),(348, 2, 'Heap is compile time only; stack is runtime only', 0),(348, 3, 'Stack variables always need free', 0),(348, 4, 'There is no practical difference', 0),
(349, 1, 'It only wastes disk space', 0),(349, 2, 'It can corrupt memory and create security vulnerabilities', 1),(349, 3, 'It only changes formatting', 0),(349, 4, 'It is harmless in C', 0),
(350, 1, 'The pointer becomes invalid after the function returns', 1),(350, 2, 'The pointer becomes const', 0),(350, 3, 'The value is copied to global memory automatically', 0),(350, 4, 'Nothing; it is always safe', 0),
(351, 1, 'A type of GPU memory', 0),(351, 2, 'Instructions or context given to an AI model', 1),(351, 3, 'A browser extension only', 0),(351, 4, 'An operating system process', 0),
(352, 1, 'Write something useful', 0),(352, 2, 'A prompt with a clear goal, context, and constraints', 1),(352, 3, 'Any one word request', 0),(352, 4, 'A prompt with no expected output format', 0),
(353, 1, 'Ship it immediately', 0),(353, 2, 'Review, test, and validate it', 1),(353, 3, 'Hide that AI was used', 0),(353, 4, 'Delete comments only', 0),
(354, 1, 'Ask for more creativity only', 0),(354, 2, 'Provide relevant context and verify the result', 1),(354, 3, 'Use more exclamation marks', 0),(354, 4, 'Never read the answer', 0),
(355, 1, 'Yes, always', 0),(355, 2, 'Only if the key is short', 0),(355, 3, 'No, private secrets should not be pasted into unapproved public tools', 1),(355, 4, 'Only on weekends', 0),
(356, 1, 'A slow response', 0),(356, 2, 'A confident but incorrect fabricated answer', 1),(356, 3, 'A syntax error only', 0),(356, 4, 'A model update', 0),
(357, 1, 'Drafting, summarizing, brainstorming, and repetitive first passes', 1),(357, 2, 'Replacing all human review in high stakes decisions', 0),(357, 3, 'Storing passwords', 0),(357, 4, 'Ignoring domain rules', 0),
(358, 1, 'Provide examples and a target format', 1),(358, 2, 'Keep it as vague as possible', 0),(358, 3, 'Remove all constraints', 0),(358, 4, 'Use only emoji', 0),
(359, 1, 'Trust it more', 0),(359, 2, 'Verify it independently', 1),(359, 3, 'Delete your source material', 0),(359, 4, 'Share it without checking', 0),
(360, 1, 'Summarize this article in three bullets for a student audience', 0),(360, 2, 'Return valid JSON with keys title and score', 0),(360, 3, 'Given this stack trace, explain the likely root cause', 0),(360, 4, 'Do everything', 1),
(361, 1, 'Because the model has too little direction and context', 1),(361, 2, 'Because vague prompts always cost more only', 0),(361, 3, 'Because AI cannot answer short prompts', 0),(361, 4, 'Because syntax highlighting breaks', 0),
(362, 1, 'Repeating the same prompt without changes', 0),(362, 2, 'Refining the prompt based on previous output', 1),(362, 3, 'Turning off the model', 0),(362, 4, 'Copying answers into a spreadsheet only', 0),
(363, 1, 'The color of your keyboard', 0),(363, 2, 'Runtime, inputs, outputs, and constraints', 1),(363, 3, 'Only the file name', 0),(363, 4, 'Nothing else matters', 0),
(364, 1, 'To force the model to answer longer', 0),(364, 2, 'To compare options and surface risks', 1),(364, 3, 'To remove the need for decisions', 0),(364, 4, 'To hide assumptions', 0),
(365, 1, 'Letting the AI invent supporting facts freely', 0),(365, 2, 'Supplying relevant documents or facts along with the prompt', 1),(365, 3, 'Running the model offline only', 0),(365, 4, 'Translating the prompt into binary', 0),
(366, 1, 'Because they can be incorrect or destructive', 1),(366, 2, 'Because AI cannot output commands', 0),(366, 3, 'Because shell commands are always harmless', 0),(366, 4, 'Because SQL cannot modify data', 0),
(367, 1, 'You may memorize every concept better automatically', 0),(367, 2, 'You can develop shallow understanding if you skip the reasoning yourself', 1),(367, 3, 'It eliminates all mistakes', 0),(367, 4, 'It makes practice impossible', 0),
(368, 1, 'When the task needs high stakes legal, medical, or financial judgment', 1),(368, 2, 'When you need a first draft email', 0),(368, 3, 'When you need brainstorming ideas', 0),(368, 4, 'When formatting text', 0),
(369, 1, 'My app is broken. Fix it.', 0),(369, 2, 'Here is the error, relevant code, expected behavior, and what I already tried', 1),(369, 3, 'Help please', 0),(369, 4, 'Guess the bug', 0),
(370, 1, 'It makes the AI feel happier', 0),(370, 2, 'It makes results easier to inspect, parse, and reuse', 1),(370, 3, 'It guarantees truth', 0),(370, 4, 'It disables randomness in all cases', 0),
(371, 1, 'Because detail and confidence do not prove factual accuracy', 1),(371, 2, 'Because long answers are always wrong', 0),(371, 3, 'Because reasoning is not allowed in AI', 0),(371, 4, 'Because all short answers are correct', 0),
(372, 1, 'A faster GPU mode', 0),(372, 2, 'Malicious instructions inside content that try to override the intended task', 1),(372, 3, 'A secure prompt template', 0),(372, 4, 'A prompt with bullet points', 0),
(373, 1, 'It helps trace and verify claims', 1),(373, 2, 'It makes all sources automatically true', 0),(373, 3, 'It removes the need to read sources', 0),(373, 4, 'It only matters for images', 0),
(374, 1, 'It makes the prompt longer only', 0),(374, 2, 'It narrows the problem and improves the chance of accurate help', 1),(374, 3, 'It hides the real bug', 0),(374, 4, 'It disables follow up questions', 0),
(375, 1, 'Because the code may contain hidden assumptions, bugs, or poor fit for the codebase', 1),(375, 2, 'Because AI code never compiles', 0),(375, 3, 'Because comments are forbidden', 0),(375, 4, 'Because maintenance disappears entirely', 0),
(376, 1, 'Run it first and inspect later', 0),(376, 2, 'Inspect, understand, and verify it before running', 1),(376, 3, 'Share it with everyone immediately', 0),(376, 4, 'Assume it is safe if it looks short', 0),
(377, 1, 'Disk usage', 0),(377, 2, 'Randomness and creativity of outputs', 1),(377, 3, 'Internet speed', 0),(377, 4, 'Screen brightness', 0),
(378, 1, 'When automation or parsing needs stable predictable output', 1),(378, 2, 'Only when writing poetry', 0),(378, 3, 'Never', 0),(378, 4, 'Only for jokes', 0),
(379, 1, 'Data leakage and compliance risk', 1),(379, 2, 'Better spelling only', 0),(379, 3, 'Guaranteed higher accuracy', 0),(379, 4, 'No meaningful risk', 0),
(380, 1, 'Because it is too specific', 0),(380, 2, 'Because it lacks measurable direction about what to improve', 1),(380, 3, 'Because AI cannot handle feedback', 0),(380, 4, 'Because targeted critique is always shorter', 0);

INSERT INTO Quizzes (quiz_id, admin_id, title, genre, difficulty, num_questions, time_per_question, is_static) VALUES
(13, 1, 'C', 'Placement Prep', 'mixed', 15, 30, 1),
(14, 1, 'AI + Prompting', 'Placement Prep', 'mixed', 15, 20, 1);

INSERT INTO QuizQuestions (quiz_id, question_id, order_index) VALUES
(13,321,1),(13,322,2),(13,323,3),(13,324,4),(13,325,5),(13,326,6),(13,327,7),(13,328,8),(13,329,9),(13,330,10),
(13,331,11),(13,332,12),(13,333,13),(13,334,14),(13,335,15),(13,336,16),(13,337,17),(13,338,18),(13,339,19),(13,340,20),
(13,341,21),(13,342,22),(13,343,23),(13,344,24),(13,345,25),(13,346,26),(13,347,27),(13,348,28),(13,349,29),(13,350,30),
(14,351,1),(14,352,2),(14,353,3),(14,354,4),(14,355,5),(14,356,6),(14,357,7),(14,358,8),(14,359,9),(14,360,10),
(14,361,11),(14,362,12),(14,363,13),(14,364,14),(14,365,15),(14,366,16),(14,367,17),(14,368,18),(14,369,19),(14,370,20),
(14,371,21),(14,372,22),(14,373,23),(14,374,24),(14,375,25),(14,376,26),(14,377,27),(14,378,28),(14,379,29),(14,380,30);
